date,product_id,product_name,category,units_sold,price,stock_on_hand
2026-04-01,P001,Basmati Rice 5kg,Grocery,6,58,233
2026-04-02,P001,Basmati Rice 5kg,Grocery,13,58,220
2026-04-03,P001,Basmati Rice 5kg,Grocery,7,58,213
2026-04-04,P001,Basmati Rice 5kg,Grocery,5,58,208
2026-04-05,P001,Basmati Rice 5kg,Grocery,10,58,198
2026-04-06,P001,Basmati Rice 5kg,Grocery,7,58,191
2026-04-07,P001,Basmati Rice 5kg,Grocery,10,58,181
2026-04-08,P001,Basmati Rice 5kg,Grocery,11,58,170
2026-04-09,P001,Basmati Rice 5kg,Grocery,13,58,157
2026-04-10,P001,Basmati Rice 5kg,Grocery,5,58,152
2026-04-11,P001,Basmati Rice 5kg,Grocery,13,58,139
2026-04-12,P001,Basmati Rice 5kg,Grocery,18,58,121
2026-04-13,P001,Basmati Rice 5kg,Grocery,7,58,114
2026-04-14,P001,Basmati Rice 5kg,Grocery,8,58,106
2026-04-15,P001,Basmati Rice 5kg,Grocery,10,58,96
2026-04-16,P001,Basmati Rice 5kg,Grocery,10,58,86
2026-04-17,P001,Basmati Rice 5kg,Grocery,11,58,75
2026-04-18,P001,Basmati Rice 5kg,Grocery,15,58,60
2026-04-19,P001,Basmati Rice 5kg,Grocery,11,58,336
2026-04-20,P001,Basmati Rice 5kg,Grocery,9,58,327
2026-04-21,P001,Basmati Rice 5kg,Grocery,6,58,321
2026-04-22,P001,Basmati Rice 5kg,Grocery,9,58,312
2026-04-23,P001,Basmati Rice 5kg,Grocery,11,58,301
2026-04-24,P001,Basmati Rice 5kg,Grocery,11,58,290
2026-04-25,P001,Basmati Rice 5kg,Grocery,7,58,283
2026-04-26,P001,Basmati Rice 5kg,Grocery,15,58,268
2026-04-27,P001,Basmati Rice 5kg,Grocery,14,58,254
2026-04-28,P001,Basmati Rice 5kg,Grocery,7,58,247
2026-04-29,P001,Basmati Rice 5kg,Grocery,4,58,243
2026-04-30,P001,Basmati Rice 5kg,Grocery,9,58,234
2026-05-01,P001,Basmati Rice 5kg,Grocery,6,58,228
2026-05-02,P001,Basmati Rice 5kg,Grocery,12,58,216
2026-05-03,P001,Basmati Rice 5kg,Grocery,16,58,200
2026-05-04,P001,Basmati Rice 5kg,Grocery,16,58,184
2026-05-05,P001,Basmati Rice 5kg,Grocery,9,58,175
2026-05-06,P001,Basmati Rice 5kg,Grocery,15,58,160
2026-05-07,P001,Basmati Rice 5kg,Grocery,12,58,148
2026-05-08,P001,Basmati Rice 5kg,Grocery,13,58,135
2026-05-09,P001,Basmati Rice 5kg,Grocery,7,58,128
2026-05-10,P001,Basmati Rice 5kg,Grocery,14,58,114
2026-05-11,P001,Basmati Rice 5kg,Grocery,11,58,103
2026-05-12,P001,Basmati Rice 5kg,Grocery,14,58,89
2026-05-13,P001,Basmati Rice 5kg,Grocery,7,58,82
2026-05-14,P001,Basmati Rice 5kg,Grocery,11,58,71
2026-05-15,P001,Basmati Rice 5kg,Grocery,8,58,63
2026-05-16,P001,Basmati Rice 5kg,Grocery,13,58,337
2026-05-17,P001,Basmati Rice 5kg,Grocery,9,58,328
2026-05-18,P001,Basmati Rice 5kg,Grocery,8,58,320
2026-05-19,P001,Basmati Rice 5kg,Grocery,11,58,309
2026-05-20,P001,Basmati Rice 5kg,Grocery,6,58,303
2026-05-21,P001,Basmati Rice 5kg,Grocery,14,58,289
2026-05-22,P001,Basmati Rice 5kg,Grocery,8,58,281
2026-05-23,P001,Basmati Rice 5kg,Grocery,11,58,270
2026-05-24,P001,Basmati Rice 5kg,Grocery,13,58,257
2026-05-25,P001,Basmati Rice 5kg,Grocery,9,58,248
2026-05-26,P001,Basmati Rice 5kg,Grocery,15,58,233
2026-05-27,P001,Basmati Rice 5kg,Grocery,5,58,228
2026-05-28,P001,Basmati Rice 5kg,Grocery,8,58,220
2026-05-29,P001,Basmati Rice 5kg,Grocery,10,58,210
2026-05-30,P001,Basmati Rice 5kg,Grocery,12,58,198
2026-05-31,P001,Basmati Rice 5kg,Grocery,8,58,190
2026-06-01,P001,Basmati Rice 5kg,Grocery,8,58,182
2026-06-02,P001,Basmati Rice 5kg,Grocery,10,58,172
2026-06-03,P001,Basmati Rice 5kg,Grocery,13,58,159
2026-06-04,P001,Basmati Rice 5kg,Grocery,9,58,150
2026-06-05,P001,Basmati Rice 5kg,Grocery,8,58,142
2026-06-06,P001,Basmati Rice 5kg,Grocery,13,58,129
2026-06-07,P001,Basmati Rice 5kg,Grocery,7,58,122
2026-06-08,P001,Basmati Rice 5kg,Grocery,10,58,112
2026-06-09,P001,Basmati Rice 5kg,Grocery,12,58,100
2026-06-10,P001,Basmati Rice 5kg,Grocery,9,58,91
2026-06-11,P001,Basmati Rice 5kg,Grocery,6,58,85
2026-06-12,P001,Basmati Rice 5kg,Grocery,12,58,73
2026-06-13,P001,Basmati Rice 5kg,Grocery,6,58,67
2026-06-14,P001,Basmati Rice 5kg,Grocery,14,58,340
2026-06-15,P001,Basmati Rice 5kg,Grocery,12,58,328
2026-06-16,P001,Basmati Rice 5kg,Grocery,5,58,323
2026-06-17,P001,Basmati Rice 5kg,Grocery,14,58,309
2026-06-18,P001,Basmati Rice 5kg,Grocery,14,58,295
2026-06-19,P001,Basmati Rice 5kg,Grocery,8,58,287
2026-06-20,P001,Basmati Rice 5kg,Grocery,5,58,282
2026-06-21,P001,Basmati Rice 5kg,Grocery,12,58,270
2026-06-22,P001,Basmati Rice 5kg,Grocery,5,58,265
2026-06-23,P001,Basmati Rice 5kg,Grocery,4,58,261
2026-06-24,P001,Basmati Rice 5kg,Grocery,5,58,256
2026-06-25,P001,Basmati Rice 5kg,Grocery,10,58,246
2026-06-26,P001,Basmati Rice 5kg,Grocery,6,58,240
2026-06-27,P001,Basmati Rice 5kg,Grocery,8,58,232
2026-06-28,P001,Basmati Rice 5kg,Grocery,7,58,225
2026-06-29,P001,Basmati Rice 5kg,Grocery,7,58,218
2026-06-30,P001,Basmati Rice 5kg,Grocery,14,58,204
2026-07-01,P001,Basmati Rice 5kg,Grocery,3,58,201
2026-07-02,P001,Basmati Rice 5kg,Grocery,10,58,191
2026-07-03,P001,Basmati Rice 5kg,Grocery,3,58,188
2026-07-04,P001,Basmati Rice 5kg,Grocery,17,58,171
2026-07-05,P001,Basmati Rice 5kg,Grocery,13,58,158
2026-07-06,P001,Basmati Rice 5kg,Grocery,6,58,152
2026-07-07,P001,Basmati Rice 5kg,Grocery,13,58,139
2026-07-08,P001,Basmati Rice 5kg,Grocery,10,58,129
2026-07-09,P001,Basmati Rice 5kg,Grocery,16,58,113
2026-07-10,P001,Basmati Rice 5kg,Grocery,9,58,104
2026-07-11,P001,Basmati Rice 5kg,Grocery,13,58,91
2026-07-12,P001,Basmati Rice 5kg,Grocery,12,58,79
2026-07-13,P001,Basmati Rice 5kg,Grocery,8,58,71
2026-07-14,P001,Basmati Rice 5kg,Grocery,8,58,63
2026-07-15,P001,Basmati Rice 5kg,Grocery,13,58,337
2026-07-16,P001,Basmati Rice 5kg,Grocery,8,58,329
2026-07-17,P001,Basmati Rice 5kg,Grocery,11,58,318
2026-07-18,P001,Basmati Rice 5kg,Grocery,17,58,301
2026-07-19,P001,Basmati Rice 5kg,Grocery,8,58,293
2026-07-20,P001,Basmati Rice 5kg,Grocery,12,58,281
2026-07-21,P001,Basmati Rice 5kg,Grocery,10,58,271
2026-07-22,P001,Basmati Rice 5kg,Grocery,6,58,265
2026-07-23,P001,Basmati Rice 5kg,Grocery,12,58,253
2026-07-24,P001,Basmati Rice 5kg,Grocery,9,58,244
2026-07-25,P001,Basmati Rice 5kg,Grocery,5,58,239
2026-07-26,P001,Basmati Rice 5kg,Grocery,7,58,232
2026-07-27,P001,Basmati Rice 5kg,Grocery,14,58,218
2026-07-28,P001,Basmati Rice 5kg,Grocery,17,58,201
2026-07-29,P001,Basmati Rice 5kg,Grocery,7,58,194
2026-07-30,P001,Basmati Rice 5kg,Grocery,8,58,186
2026-07-31,P001,Basmati Rice 5kg,Grocery,14,58,172
2026-08-01,P001,Basmati Rice 5kg,Grocery,11,58,161
2026-08-02,P001,Basmati Rice 5kg,Grocery,13,58,148
2026-08-03,P001,Basmati Rice 5kg,Grocery,17,58,131
2026-08-04,P001,Basmati Rice 5kg,Grocery,9,58,122
2026-08-05,P001,Basmati Rice 5kg,Grocery,9,58,113
2026-08-06,P001,Basmati Rice 5kg,Grocery,10,58,103
2026-08-07,P001,Basmati Rice 5kg,Grocery,14,58,89
2026-08-08,P001,Basmati Rice 5kg,Grocery,11,58,78
2026-08-09,P001,Basmati Rice 5kg,Grocery,14,58,64
2026-08-10,P001,Basmati Rice 5kg,Grocery,12,58,339
2026-08-11,P001,Basmati Rice 5kg,Grocery,3,58,336
2026-08-12,P001,Basmati Rice 5kg,Grocery,9,58,327
2026-08-13,P001,Basmati Rice 5kg,Grocery,10,58,317
2026-08-14,P001,Basmati Rice 5kg,Grocery,5,58,312
2026-08-15,P001,Basmati Rice 5kg,Grocery,16,58,296
2026-08-16,P001,Basmati Rice 5kg,Grocery,14,58,282
2026-08-17,P001,Basmati Rice 5kg,Grocery,13,58,269
2026-08-18,P001,Basmati Rice 5kg,Grocery,9,58,260
2026-08-19,P001,Basmati Rice 5kg,Grocery,5,58,255
2026-08-20,P001,Basmati Rice 5kg,Grocery,9,58,246
2026-08-21,P001,Basmati Rice 5kg,Grocery,7,58,239
2026-08-22,P001,Basmati Rice 5kg,Grocery,10,58,229
2026-08-23,P001,Basmati Rice 5kg,Grocery,5,58,224
2026-08-24,P001,Basmati Rice 5kg,Grocery,7,58,217
2026-08-25,P001,Basmati Rice 5kg,Grocery,11,58,206
2026-08-26,P001,Basmati Rice 5kg,Grocery,11,58,195
2026-08-27,P001,Basmati Rice 5kg,Grocery,12,58,183
2026-08-28,P001,Basmati Rice 5kg,Grocery,9,58,174
2026-08-29,P001,Basmati Rice 5kg,Grocery,9,58,165
2026-08-30,P001,Basmati Rice 5kg,Grocery,15,58,150
2026-08-31,P001,Basmati Rice 5kg,Grocery,9,58,141
2026-09-01,P001,Basmati Rice 5kg,Grocery,7,58,134
2026-09-02,P001,Basmati Rice 5kg,Grocery,7,58,127
2026-09-03,P001,Basmati Rice 5kg,Grocery,16,58,111
2026-09-04,P001,Basmati Rice 5kg,Grocery,8,58,103
2026-09-05,P001,Basmati Rice 5kg,Grocery,12,58,91
2026-09-06,P001,Basmati Rice 5kg,Grocery,14,58,77
2026-09-07,P001,Basmati Rice 5kg,Grocery,7,58,70
2026-09-08,P001,Basmati Rice 5kg,Grocery,10,58,60
2026-09-09,P001,Basmati Rice 5kg,Grocery,8,58,52
2026-09-10,P001,Basmati Rice 5kg,Grocery,7,58,45
2026-09-11,P001,Basmati Rice 5kg,Grocery,9,58,36
2026-09-12,P001,Basmati Rice 5kg,Grocery,21,58,15
2026-09-13,P001,Basmati Rice 5kg,Grocery,15,58,0
2026-09-14,P001,Basmati Rice 5kg,Grocery,0,58,0
2026-09-15,P001,Basmati Rice 5kg,Grocery,0,58,0
2026-09-16,P001,Basmati Rice 5kg,Grocery,0,58,0
2026-09-17,P001,Basmati Rice 5kg,Grocery,0,58,0
2026-09-18,P001,Basmati Rice 5kg,Grocery,0,58,0
2026-09-19,P001,Basmati Rice 5kg,Grocery,0,58,0
2026-09-20,P001,Basmati Rice 5kg,Grocery,0,58,0
2026-09-21,P001,Basmati Rice 5kg,Grocery,0,58,0
2026-09-22,P001,Basmati Rice 5kg,Grocery,0,58,0
2026-09-23,P001,Basmati Rice 5kg,Grocery,0,58,0
2026-09-24,P001,Basmati Rice 5kg,Grocery,0,58,0
2026-09-25,P001,Basmati Rice 5kg,Grocery,0,58,0
2026-09-26,P001,Basmati Rice 5kg,Grocery,0,58,0
2026-09-27,P001,Basmati Rice 5kg,Grocery,0,58,0
2026-04-01,P002,Atta 10kg,Grocery,19,352,377
2026-04-02,P002,Atta 10kg,Grocery,20,352,357
2026-04-03,P002,Atta 10kg,Grocery,20,352,337
2026-04-04,P002,Atta 10kg,Grocery,18,352,319
2026-04-05,P002,Atta 10kg,Grocery,19,352,300
2026-04-06,P002,Atta 10kg,Grocery,12,352,288
2026-04-07,P002,Atta 10kg,Grocery,14,352,274
2026-04-08,P002,Atta 10kg,Grocery,11,352,263
2026-04-09,P002,Atta 10kg,Grocery,13,352,250
2026-04-10,P002,Atta 10kg,Grocery,12,352,238
2026-04-11,P002,Atta 10kg,Grocery,28,352,210
2026-04-12,P002,Atta 10kg,Grocery,24,352,186
2026-04-13,P002,Atta 10kg,Grocery,9,352,177
2026-04-14,P002,Atta 10kg,Grocery,16,352,161
2026-04-15,P002,Atta 10kg,Grocery,15,352,146
2026-04-16,P002,Atta 10kg,Grocery,16,352,130
2026-04-17,P002,Atta 10kg,Grocery,10,352,120
2026-04-18,P002,Atta 10kg,Grocery,26,352,570
2026-04-19,P002,Atta 10kg,Grocery,18,352,552
2026-04-20,P002,Atta 10kg,Grocery,14,352,538
2026-04-21,P002,Atta 10kg,Grocery,13,352,525
2026-04-22,P002,Atta 10kg,Grocery,12,352,513
2026-04-23,P002,Atta 10kg,Grocery,25,352,488
2026-04-24,P002,Atta 10kg,Grocery,20,352,468
2026-04-25,P002,Atta 10kg,Grocery,15,352,453
2026-04-26,P002,Atta 10kg,Grocery,24,352,429
2026-04-27,P002,Atta 10kg,Grocery,22,352,407
2026-04-28,P002,Atta 10kg,Grocery,18,352,389
2026-04-29,P002,Atta 10kg,Grocery,12,352,377
2026-04-30,P002,Atta 10kg,Grocery,27,352,350
2026-05-01,P002,Atta 10kg,Grocery,15,352,335
2026-05-02,P002,Atta 10kg,Grocery,16,352,319
2026-05-03,P002,Atta 10kg,Grocery,24,352,295
2026-05-04,P002,Atta 10kg,Grocery,20,352,275
2026-05-05,P002,Atta 10kg,Grocery,12,352,263
2026-05-06,P002,Atta 10kg,Grocery,20,352,243
2026-05-07,P002,Atta 10kg,Grocery,15,352,228
2026-05-08,P002,Atta 10kg,Grocery,14,352,214
2026-05-09,P002,Atta 10kg,Grocery,15,352,199
2026-05-10,P002,Atta 10kg,Grocery,20,352,179
2026-05-11,P002,Atta 10kg,Grocery,18,352,161
2026-05-12,P002,Atta 10kg,Grocery,15,352,146
2026-05-13,P002,Atta 10kg,Grocery,13,352,133
2026-05-14,P002,Atta 10kg,Grocery,19,352,114
2026-05-15,P002,Atta 10kg,Grocery,15,352,99
2026-05-16,P002,Atta 10kg,Grocery,15,352,560
2026-05-17,P002,Atta 10kg,Grocery,17,352,543
2026-05-18,P002,Atta 10kg,Grocery,22,352,521
2026-05-19,P002,Atta 10kg,Grocery,13,352,508
2026-05-20,P002,Atta 10kg,Grocery,13,352,495
2026-05-21,P002,Atta 10kg,Grocery,24,352,471
2026-05-22,P002,Atta 10kg,Grocery,15,352,456
2026-05-23,P002,Atta 10kg,Grocery,15,352,441
2026-05-24,P002,Atta 10kg,Grocery,24,352,417
2026-05-25,P002,Atta 10kg,Grocery,21,352,396
2026-05-26,P002,Atta 10kg,Grocery,13,352,383
2026-05-27,P002,Atta 10kg,Grocery,19,352,364
2026-05-28,P002,Atta 10kg,Grocery,19,352,345
2026-05-29,P002,Atta 10kg,Grocery,21,352,324
2026-05-30,P002,Atta 10kg,Grocery,23,352,301
2026-05-31,P002,Atta 10kg,Grocery,23,352,278
2026-06-01,P002,Atta 10kg,Grocery,10,352,268
2026-06-02,P002,Atta 10kg,Grocery,16,352,252
2026-06-03,P002,Atta 10kg,Grocery,17,352,235
2026-06-04,P002,Atta 10kg,Grocery,13,352,222
2026-06-05,P002,Atta 10kg,Grocery,18,352,204
2026-06-06,P002,Atta 10kg,Grocery,15,352,189
2026-06-07,P002,Atta 10kg,Grocery,18,352,171
2026-06-08,P002,Atta 10kg,Grocery,9,352,162
2026-06-09,P002,Atta 10kg,Grocery,21,352,141
2026-06-10,P002,Atta 10kg,Grocery,20,352,121
2026-06-11,P002,Atta 10kg,Grocery,13,352,108
2026-06-12,P002,Atta 10kg,Grocery,14,352,570
2026-06-13,P002,Atta 10kg,Grocery,22,352,548
2026-06-14,P002,Atta 10kg,Grocery,23,352,525
2026-06-15,P002,Atta 10kg,Grocery,16,352,509
2026-06-16,P002,Atta 10kg,Grocery,14,352,495
2026-06-17,P002,Atta 10kg,Grocery,24,352,471
2026-06-18,P002,Atta 10kg,Grocery,19,352,452
2026-06-19,P002,Atta 10kg,Grocery,22,352,430
2026-06-20,P002,Atta 10kg,Grocery,20,352,410
2026-06-21,P002,Atta 10kg,Grocery,16,352,394
2026-06-22,P002,Atta 10kg,Grocery,18,352,376
2026-06-23,P002,Atta 10kg,Grocery,19,352,357
2026-06-24,P002,Atta 10kg,Grocery,16,352,341
2026-06-25,P002,Atta 10kg,Grocery,18,352,323
2026-06-26,P002,Atta 10kg,Grocery,14,352,309
2026-06-27,P002,Atta 10kg,Grocery,17,352,292
2026-06-28,P002,Atta 10kg,Grocery,16,352,276
2026-06-29,P002,Atta 10kg,Grocery,10,352,266
2026-06-30,P002,Atta 10kg,Grocery,11,352,255
2026-07-01,P002,Atta 10kg,Grocery,17,352,238
2026-07-02,P002,Atta 10kg,Grocery,17,352,221
2026-07-03,P002,Atta 10kg,Grocery,17,352,204
2026-07-04,P002,Atta 10kg,Grocery,23,352,181
2026-07-05,P002,Atta 10kg,Grocery,18,352,163
2026-07-06,P002,Atta 10kg,Grocery,13,352,150
2026-07-07,P002,Atta 10kg,Grocery,13,352,137
2026-07-08,P002,Atta 10kg,Grocery,14,352,123
2026-07-09,P002,Atta 10kg,Grocery,21,352,102
2026-07-10,P002,Atta 10kg,Grocery,19,352,559
2026-07-11,P002,Atta 10kg,Grocery,16,352,543
2026-07-12,P002,Atta 10kg,Grocery,27,352,516
2026-07-13,P002,Atta 10kg,Grocery,17,352,499
2026-07-14,P002,Atta 10kg,Grocery,16,352,483
2026-07-15,P002,Atta 10kg,Grocery,17,352,466
2026-07-16,P002,Atta 10kg,Grocery,11,352,455
2026-07-17,P002,Atta 10kg,Grocery,18,352,437
2026-07-18,P002,Atta 10kg,Grocery,12,352,425
2026-07-19,P002,Atta 10kg,Grocery,19,352,406
2026-07-20,P002,Atta 10kg,Grocery,12,352,394
2026-07-21,P002,Atta 10kg,Grocery,19,352,375
2026-07-22,P002,Atta 10kg,Grocery,20,352,355
2026-07-23,P002,Atta 10kg,Grocery,19,352,336
2026-07-24,P002,Atta 10kg,Grocery,16,352,320
2026-07-25,P002,Atta 10kg,Grocery,28,352,292
2026-07-26,P002,Atta 10kg,Grocery,20,352,272
2026-07-27,P002,Atta 10kg,Grocery,19,352,253
2026-07-28,P002,Atta 10kg,Grocery,16,352,237
2026-07-29,P002,Atta 10kg,Grocery,23,352,214
2026-07-30,P002,Atta 10kg,Grocery,15,352,199
2026-07-31,P002,Atta 10kg,Grocery,12,352,187
2026-08-01,P002,Atta 10kg,Grocery,15,352,172
2026-08-02,P002,Atta 10kg,Grocery,17,352,155
2026-08-03,P002,Atta 10kg,Grocery,15,352,140
2026-08-04,P002,Atta 10kg,Grocery,16,352,124
2026-08-05,P002,Atta 10kg,Grocery,12,352,112
2026-08-06,P002,Atta 10kg,Grocery,13,352,99
2026-08-07,P002,Atta 10kg,Grocery,23,352,552
2026-08-08,P002,Atta 10kg,Grocery,20,352,532
2026-08-09,P002,Atta 10kg,Grocery,17,352,515
2026-08-10,P002,Atta 10kg,Grocery,22,352,493
2026-08-11,P002,Atta 10kg,Grocery,13,352,480
2026-08-12,P002,Atta 10kg,Grocery,16,352,464
2026-08-13,P002,Atta 10kg,Grocery,16,352,448
2026-08-14,P002,Atta 10kg,Grocery,15,352,433
2026-08-15,P002,Atta 10kg,Grocery,18,352,415
2026-08-16,P002,Atta 10kg,Grocery,14,352,401
2026-08-17,P002,Atta 10kg,Grocery,21,352,380
2026-08-18,P002,Atta 10kg,Grocery,12,352,368
2026-08-19,P002,Atta 10kg,Grocery,16,352,352
2026-08-20,P002,Atta 10kg,Grocery,14,352,338
2026-08-21,P002,Atta 10kg,Grocery,18,352,320
2026-08-22,P002,Atta 10kg,Grocery,11,352,309
2026-08-23,P002,Atta 10kg,Grocery,21,352,288
2026-08-24,P002,Atta 10kg,Grocery,21,352,267
2026-08-25,P002,Atta 10kg,Grocery,17,352,250
2026-08-26,P002,Atta 10kg,Grocery,15,352,235
2026-08-27,P002,Atta 10kg,Grocery,22,352,213
2026-08-28,P002,Atta 10kg,Grocery,11,352,202
2026-08-29,P002,Atta 10kg,Grocery,22,352,180
2026-08-30,P002,Atta 10kg,Grocery,20,352,160
2026-08-31,P002,Atta 10kg,Grocery,16,352,144
2026-09-01,P002,Atta 10kg,Grocery,12,352,132
2026-09-02,P002,Atta 10kg,Grocery,14,352,118
2026-09-03,P002,Atta 10kg,Grocery,18,352,100
2026-09-04,P002,Atta 10kg,Grocery,19,352,81
2026-09-05,P002,Atta 10kg,Grocery,23,352,58
2026-09-06,P002,Atta 10kg,Grocery,19,352,39
2026-09-07,P002,Atta 10kg,Grocery,13,352,26
2026-09-08,P002,Atta 10kg,Grocery,12,352,14
2026-09-09,P002,Atta 10kg,Grocery,14,352,0
2026-09-10,P002,Atta 10kg,Grocery,0,352,0
2026-09-11,P002,Atta 10kg,Grocery,0,352,0
2026-09-12,P002,Atta 10kg,Grocery,0,352,0
2026-09-13,P002,Atta 10kg,Grocery,0,352,0
2026-09-14,P002,Atta 10kg,Grocery,0,352,0
2026-09-15,P002,Atta 10kg,Grocery,0,352,0
2026-09-16,P002,Atta 10kg,Grocery,0,352,0
2026-09-17,P002,Atta 10kg,Grocery,0,352,0
2026-09-18,P002,Atta 10kg,Grocery,0,352,0
2026-09-19,P002,Atta 10kg,Grocery,0,352,0
2026-09-20,P002,Atta 10kg,Grocery,0,352,0
2026-09-21,P002,Atta 10kg,Grocery,0,352,0
2026-09-22,P002,Atta 10kg,Grocery,0,352,0
2026-09-23,P002,Atta 10kg,Grocery,0,352,0
2026-09-24,P002,Atta 10kg,Grocery,0,352,0
2026-09-25,P002,Atta 10kg,Grocery,0,352,0
2026-09-26,P002,Atta 10kg,Grocery,0,352,0
2026-09-27,P002,Atta 10kg,Grocery,0,352,0
2026-04-01,P003,Toor Dal 1kg,Grocery,6,56,104
2026-04-02,P003,Toor Dal 1kg,Grocery,3,56,101
2026-04-03,P003,Toor Dal 1kg,Grocery,2,56,99
2026-04-04,P003,Toor Dal 1kg,Grocery,4,56,95
2026-04-05,P003,Toor Dal 1kg,Grocery,4,56,91
2026-04-06,P003,Toor Dal 1kg,Grocery,1,56,90
2026-04-07,P003,Toor Dal 1kg,Grocery,6,56,84
2026-04-08,P003,Toor Dal 1kg,Grocery,3,56,81
2026-04-09,P003,Toor Dal 1kg,Grocery,3,56,78
2026-04-10,P003,Toor Dal 1kg,Grocery,6,56,72
2026-04-11,P003,Toor Dal 1kg,Grocery,5,56,67
2026-04-12,P003,Toor Dal 1kg,Grocery,6,56,61
2026-04-13,P003,Toor Dal 1kg,Grocery,3,56,58
2026-04-14,P003,Toor Dal 1kg,Grocery,5,56,53
2026-04-15,P003,Toor Dal 1kg,Grocery,6,56,47
2026-04-16,P003,Toor Dal 1kg,Grocery,3,56,44
2026-04-17,P003,Toor Dal 1kg,Grocery,3,56,41
2026-04-18,P003,Toor Dal 1kg,Grocery,6,56,35
2026-04-19,P003,Toor Dal 1kg,Grocery,5,56,30
2026-04-20,P003,Toor Dal 1kg,Grocery,3,56,27
2026-04-21,P003,Toor Dal 1kg,Grocery,7,56,152
2026-04-22,P003,Toor Dal 1kg,Grocery,3,56,149
2026-04-23,P003,Toor Dal 1kg,Grocery,1,56,148
2026-04-24,P003,Toor Dal 1kg,Grocery,2,56,146
2026-04-25,P003,Toor Dal 1kg,Grocery,3,56,143
2026-04-26,P003,Toor Dal 1kg,Grocery,4,56,139
2026-04-27,P003,Toor Dal 1kg,Grocery,2,56,137
2026-04-28,P003,Toor Dal 1kg,Grocery,6,56,131
2026-04-29,P003,Toor Dal 1kg,Grocery,9,56,122
2026-04-30,P003,Toor Dal 1kg,Grocery,4,56,118
2026-05-01,P003,Toor Dal 1kg,Grocery,5,56,113
2026-05-02,P003,Toor Dal 1kg,Grocery,3,56,110
2026-05-03,P003,Toor Dal 1kg,Grocery,7,56,103
2026-05-04,P003,Toor Dal 1kg,Grocery,3,56,100
2026-05-05,P003,Toor Dal 1kg,Grocery,8,56,92
2026-05-06,P003,Toor Dal 1kg,Grocery,3,56,89
2026-05-07,P003,Toor Dal 1kg,Grocery,4,56,85
2026-05-08,P003,Toor Dal 1kg,Grocery,4,56,81
2026-05-09,P003,Toor Dal 1kg,Grocery,6,56,75
2026-05-10,P003,Toor Dal 1kg,Grocery,5,56,70
2026-05-11,P003,Toor Dal 1kg,Grocery,6,56,64
2026-05-12,P003,Toor Dal 1kg,Grocery,6,56,58
2026-05-13,P003,Toor Dal 1kg,Grocery,3,56,55
2026-05-14,P003,Toor Dal 1kg,Grocery,2,56,53
2026-05-15,P003,Toor Dal 1kg,Grocery,5,56,48
2026-05-16,P003,Toor Dal 1kg,Grocery,4,56,44
2026-05-17,P003,Toor Dal 1kg,Grocery,4,56,40
2026-05-18,P003,Toor Dal 1kg,Grocery,6,56,34
2026-05-19,P003,Toor Dal 1kg,Grocery,5,56,29
2026-05-20,P003,Toor Dal 1kg,Grocery,5,56,156
2026-05-21,P003,Toor Dal 1kg,Grocery,9,56,147
2026-05-22,P003,Toor Dal 1kg,Grocery,5,56,142
2026-05-23,P003,Toor Dal 1kg,Grocery,5,56,137
2026-05-24,P003,Toor Dal 1kg,Grocery,6,56,131
2026-05-25,P003,Toor Dal 1kg,Grocery,2,56,129
2026-05-26,P003,Toor Dal 1kg,Grocery,0,56,129
2026-05-27,P003,Toor Dal 1kg,Grocery,7,56,122
2026-05-28,P003,Toor Dal 1kg,Grocery,5,56,117
2026-05-29,P003,Toor Dal 1kg,Grocery,3,56,114
2026-05-30,P003,Toor Dal 1kg,Grocery,4,56,110
2026-05-31,P003,Toor Dal 1kg,Grocery,4,56,106
2026-06-01,P003,Toor Dal 1kg,Grocery,5,56,101
2026-06-02,P003,Toor Dal 1kg,Grocery,5,56,96
2026-06-03,P003,Toor Dal 1kg,Grocery,1,56,95
2026-06-04,P003,Toor Dal 1kg,Grocery,3,56,92
2026-06-05,P003,Toor Dal 1kg,Grocery,3,56,89
2026-06-06,P003,Toor Dal 1kg,Grocery,1,56,88
2026-06-07,P003,Toor Dal 1kg,Grocery,8,56,80
2026-06-08,P003,Toor Dal 1kg,Grocery,4,56,76
2026-06-09,P003,Toor Dal 1kg,Grocery,5,56,71
2026-06-10,P003,Toor Dal 1kg,Grocery,3,56,68
2026-06-11,P003,Toor Dal 1kg,Grocery,3,56,65
2026-06-12,P003,Toor Dal 1kg,Grocery,4,56,61
2026-06-13,P003,Toor Dal 1kg,Grocery,3,56,58
2026-06-14,P003,Toor Dal 1kg,Grocery,5,56,53
2026-06-15,P003,Toor Dal 1kg,Grocery,4,56,49
2026-06-16,P003,Toor Dal 1kg,Grocery,8,56,41
2026-06-17,P003,Toor Dal 1kg,Grocery,7,56,34
2026-06-18,P003,Toor Dal 1kg,Grocery,2,56,32
2026-06-19,P003,Toor Dal 1kg,Grocery,4,56,28
2026-06-20,P003,Toor Dal 1kg,Grocery,9,56,151
2026-06-21,P003,Toor Dal 1kg,Grocery,8,56,143
2026-06-22,P003,Toor Dal 1kg,Grocery,3,56,140
2026-06-23,P003,Toor Dal 1kg,Grocery,8,56,132
2026-06-24,P003,Toor Dal 1kg,Grocery,3,56,129
2026-06-25,P003,Toor Dal 1kg,Grocery,4,56,125
2026-06-26,P003,Toor Dal 1kg,Grocery,8,56,117
2026-06-27,P003,Toor Dal 1kg,Grocery,2,56,115
2026-06-28,P003,Toor Dal 1kg,Grocery,5,56,110
2026-06-29,P003,Toor Dal 1kg,Grocery,5,56,105
2026-06-30,P003,Toor Dal 1kg,Grocery,3,56,102
2026-07-01,P003,Toor Dal 1kg,Grocery,7,56,95
2026-07-02,P003,Toor Dal 1kg,Grocery,4,56,91
2026-07-03,P003,Toor Dal 1kg,Grocery,6,56,85
2026-07-04,P003,Toor Dal 1kg,Grocery,3,56,82
2026-07-05,P003,Toor Dal 1kg,Grocery,4,56,78
2026-07-06,P003,Toor Dal 1kg,Grocery,8,56,70
2026-07-07,P003,Toor Dal 1kg,Grocery,2,56,68
2026-07-08,P003,Toor Dal 1kg,Grocery,4,56,64
2026-07-09,P003,Toor Dal 1kg,Grocery,4,56,60
2026-07-10,P003,Toor Dal 1kg,Grocery,4,56,56
2026-07-11,P003,Toor Dal 1kg,Grocery,7,56,49
2026-07-12,P003,Toor Dal 1kg,Grocery,2,56,47
2026-07-13,P003,Toor Dal 1kg,Grocery,6,56,41
2026-07-14,P003,Toor Dal 1kg,Grocery,3,56,38
2026-07-15,P003,Toor Dal 1kg,Grocery,7,56,31
2026-07-16,P003,Toor Dal 1kg,Grocery,3,56,28
2026-07-17,P003,Toor Dal 1kg,Grocery,1,56,27
2026-07-18,P003,Toor Dal 1kg,Grocery,5,56,154
2026-07-19,P003,Toor Dal 1kg,Grocery,5,56,149
2026-07-20,P003,Toor Dal 1kg,Grocery,7,56,142
2026-07-21,P003,Toor Dal 1kg,Grocery,4,56,138
2026-07-22,P003,Toor Dal 1kg,Grocery,6,56,132
2026-07-23,P003,Toor Dal 1kg,Grocery,10,56,122
2026-07-24,P003,Toor Dal 1kg,Grocery,2,56,120
2026-07-25,P003,Toor Dal 1kg,Grocery,8,56,112
2026-07-26,P003,Toor Dal 1kg,Grocery,14,56,98
2026-07-27,P003,Toor Dal 1kg,Grocery,4,56,94
2026-07-28,P003,Toor Dal 1kg,Grocery,6,56,88
2026-07-29,P003,Toor Dal 1kg,Grocery,3,56,85
2026-07-30,P003,Toor Dal 1kg,Grocery,5,56,80
2026-07-31,P003,Toor Dal 1kg,Grocery,7,56,73
2026-08-01,P003,Toor Dal 1kg,Grocery,10,56,63
2026-08-02,P003,Toor Dal 1kg,Grocery,5,56,58
2026-08-03,P003,Toor Dal 1kg,Grocery,6,56,52
2026-08-04,P003,Toor Dal 1kg,Grocery,4,56,48
2026-08-05,P003,Toor Dal 1kg,Grocery,4,56,44
2026-08-06,P003,Toor Dal 1kg,Grocery,5,56,39
2026-08-07,P003,Toor Dal 1kg,Grocery,5,56,34
2026-08-08,P003,Toor Dal 1kg,Grocery,5,56,29
2026-08-09,P003,Toor Dal 1kg,Grocery,5,56,156
2026-08-10,P003,Toor Dal 1kg,Grocery,4,56,152
2026-08-11,P003,Toor Dal 1kg,Grocery,2,56,150
2026-08-12,P003,Toor Dal 1kg,Grocery,8,56,142
2026-08-13,P003,Toor Dal 1kg,Grocery,4,56,138
2026-08-14,P003,Toor Dal 1kg,Grocery,8,56,130
2026-08-15,P003,Toor Dal 1kg,Grocery,5,56,125
2026-08-16,P003,Toor Dal 1kg,Grocery,3,56,122
2026-08-17,P003,Toor Dal 1kg,Grocery,7,56,115
2026-08-18,P003,Toor Dal 1kg,Grocery,10,56,105
2026-08-19,P003,Toor Dal 1kg,Grocery,3,56,102
2026-08-20,P003,Toor Dal 1kg,Grocery,3,56,99
2026-08-21,P003,Toor Dal 1kg,Grocery,3,56,96
2026-08-22,P003,Toor Dal 1kg,Grocery,7,56,89
2026-08-23,P003,Toor Dal 1kg,Grocery,9,56,80
2026-08-24,P003,Toor Dal 1kg,Grocery,6,56,74
2026-08-25,P003,Toor Dal 1kg,Grocery,4,56,70
2026-08-26,P003,Toor Dal 1kg,Grocery,2,56,68
2026-08-27,P003,Toor Dal 1kg,Grocery,6,56,62
2026-08-28,P003,Toor Dal 1kg,Grocery,7,56,55
2026-08-29,P003,Toor Dal 1kg,Grocery,3,56,52
2026-08-30,P003,Toor Dal 1kg,Grocery,5,56,47
2026-08-31,P003,Toor Dal 1kg,Grocery,2,56,45
2026-09-01,P003,Toor Dal 1kg,Grocery,3,56,42
2026-09-02,P003,Toor Dal 1kg,Grocery,2,56,40
2026-09-03,P003,Toor Dal 1kg,Grocery,3,56,37
2026-09-04,P003,Toor Dal 1kg,Grocery,3,56,34
2026-09-05,P003,Toor Dal 1kg,Grocery,7,56,27
2026-09-06,P003,Toor Dal 1kg,Grocery,8,56,151
2026-09-07,P003,Toor Dal 1kg,Grocery,6,56,145
2026-09-08,P003,Toor Dal 1kg,Grocery,3,56,142
2026-09-09,P003,Toor Dal 1kg,Grocery,2,56,140
2026-09-10,P003,Toor Dal 1kg,Grocery,2,56,138
2026-09-11,P003,Toor Dal 1kg,Grocery,6,56,132
2026-09-12,P003,Toor Dal 1kg,Grocery,6,56,126
2026-09-13,P003,Toor Dal 1kg,Grocery,2,56,124
2026-09-14,P003,Toor Dal 1kg,Grocery,4,56,120
2026-09-15,P003,Toor Dal 1kg,Grocery,5,56,115
2026-09-16,P003,Toor Dal 1kg,Grocery,4,56,111
2026-09-17,P003,Toor Dal 1kg,Grocery,5,56,106
2026-09-18,P003,Toor Dal 1kg,Grocery,4,56,102
2026-09-19,P003,Toor Dal 1kg,Grocery,5,56,97
2026-09-20,P003,Toor Dal 1kg,Grocery,8,56,89
2026-09-21,P003,Toor Dal 1kg,Grocery,2,56,87
2026-09-22,P003,Toor Dal 1kg,Grocery,5,56,82
2026-09-23,P003,Toor Dal 1kg,Grocery,6,56,76
2026-09-24,P003,Toor Dal 1kg,Grocery,4,56,72
2026-09-25,P003,Toor Dal 1kg,Grocery,3,56,69
2026-09-26,P003,Toor Dal 1kg,Grocery,8,56,61
2026-09-27,P003,Toor Dal 1kg,Grocery,6,56,55
2026-04-01,P004,Sunflower Oil 1L,Grocery,12,319,428
2026-04-02,P004,Sunflower Oil 1L,Grocery,23,319,405
2026-04-03,P004,Sunflower Oil 1L,Grocery,16,319,389
2026-04-04,P004,Sunflower Oil 1L,Grocery,13,319,376
2026-04-05,P004,Sunflower Oil 1L,Grocery,25,319,351
2026-04-06,P004,Sunflower Oil 1L,Grocery,19,319,332
2026-04-07,P004,Sunflower Oil 1L,Grocery,25,319,307
2026-04-08,P004,Sunflower Oil 1L,Grocery,17,319,290
2026-04-09,P004,Sunflower Oil 1L,Grocery,11,319,279
2026-04-10,P004,Sunflower Oil 1L,Grocery,21,319,258
2026-04-11,P004,Sunflower Oil 1L,Grocery,22,319,236
2026-04-12,P004,Sunflower Oil 1L,Grocery,16,319,220
2026-04-13,P004,Sunflower Oil 1L,Grocery,15,319,205
2026-04-14,P004,Sunflower Oil 1L,Grocery,17,319,188
2026-04-15,P004,Sunflower Oil 1L,Grocery,23,319,165
2026-04-16,P004,Sunflower Oil 1L,Grocery,17,319,148
2026-04-17,P004,Sunflower Oil 1L,Grocery,13,319,135
2026-04-18,P004,Sunflower Oil 1L,Grocery,21,319,114
2026-04-19,P004,Sunflower Oil 1L,Grocery,29,319,614
2026-04-20,P004,Sunflower Oil 1L,Grocery,19,319,595
2026-04-21,P004,Sunflower Oil 1L,Grocery,14,319,581
2026-04-22,P004,Sunflower Oil 1L,Grocery,12,319,569
2026-04-23,P004,Sunflower Oil 1L,Grocery,21,319,548
2026-04-24,P004,Sunflower Oil 1L,Grocery,15,319,533
2026-04-25,P004,Sunflower Oil 1L,Grocery,21,319,512
2026-04-26,P004,Sunflower Oil 1L,Grocery,35,319,477
2026-04-27,P004,Sunflower Oil 1L,Grocery,8,319,469
2026-04-28,P004,Sunflower Oil 1L,Grocery,16,319,453
2026-04-29,P004,Sunflower Oil 1L,Grocery,21,319,432
2026-04-30,P004,Sunflower Oil 1L,Grocery,20,319,412
2026-05-01,P004,Sunflower Oil 1L,Grocery,19,319,393
2026-05-02,P004,Sunflower Oil 1L,Grocery,31,319,362
2026-05-03,P004,Sunflower Oil 1L,Grocery,18,319,344
2026-05-04,P004,Sunflower Oil 1L,Grocery,20,319,324
2026-05-05,P004,Sunflower Oil 1L,Grocery,19,319,305
2026-05-06,P004,Sunflower Oil 1L,Grocery,20,319,285
2026-05-07,P004,Sunflower Oil 1L,Grocery,15,319,270
2026-05-08,P004,Sunflower Oil 1L,Grocery,15,319,255
2026-05-09,P004,Sunflower Oil 1L,Grocery,21,319,234
2026-05-10,P004,Sunflower Oil 1L,Grocery,17,319,217
2026-05-11,P004,Sunflower Oil 1L,Grocery,12,319,205
2026-05-12,P004,Sunflower Oil 1L,Grocery,26,319,179
2026-05-13,P004,Sunflower Oil 1L,Grocery,24,319,155
2026-05-14,P004,Sunflower Oil 1L,Grocery,16,319,139
2026-05-15,P004,Sunflower Oil 1L,Grocery,19,319,120
2026-05-16,P004,Sunflower Oil 1L,Grocery,17,319,632
2026-05-17,P004,Sunflower Oil 1L,Grocery,23,319,609
2026-05-18,P004,Sunflower Oil 1L,Grocery,12,319,597
2026-05-19,P004,Sunflower Oil 1L,Grocery,15,319,582
2026-05-20,P004,Sunflower Oil 1L,Grocery,29,319,553
2026-05-21,P004,Sunflower Oil 1L,Grocery,20,319,533
2026-05-22,P004,Sunflower Oil 1L,Grocery,20,319,513
2026-05-23,P004,Sunflower Oil 1L,Grocery,17,319,496
2026-05-24,P004,Sunflower Oil 1L,Grocery,24,319,472
2026-05-25,P004,Sunflower Oil 1L,Grocery,16,319,456
2026-05-26,P004,Sunflower Oil 1L,Grocery,14,319,442
2026-05-27,P004,Sunflower Oil 1L,Grocery,13,319,429
2026-05-28,P004,Sunflower Oil 1L,Grocery,23,319,406
2026-05-29,P004,Sunflower Oil 1L,Grocery,15,319,391
2026-05-30,P004,Sunflower Oil 1L,Grocery,25,319,366
2026-05-31,P004,Sunflower Oil 1L,Grocery,20,319,346
2026-06-01,P004,Sunflower Oil 1L,Grocery,11,319,335
2026-06-02,P004,Sunflower Oil 1L,Grocery,25,319,310
2026-06-03,P004,Sunflower Oil 1L,Grocery,17,319,293
2026-06-04,P004,Sunflower Oil 1L,Grocery,9,319,284
2026-06-05,P004,Sunflower Oil 1L,Grocery,11,319,273
2026-06-06,P004,Sunflower Oil 1L,Grocery,25,319,248
2026-06-07,P004,Sunflower Oil 1L,Grocery,23,319,225
2026-06-08,P004,Sunflower Oil 1L,Grocery,21,319,204
2026-06-09,P004,Sunflower Oil 1L,Grocery,15,319,189
2026-06-10,P004,Sunflower Oil 1L,Grocery,20,319,169
2026-06-11,P004,Sunflower Oil 1L,Grocery,22,319,147
2026-06-12,P004,Sunflower Oil 1L,Grocery,13,319,134
2026-06-13,P004,Sunflower Oil 1L,Grocery,22,319,112
2026-06-14,P004,Sunflower Oil 1L,Grocery,15,319,626
2026-06-15,P004,Sunflower Oil 1L,Grocery,11,319,615
2026-06-16,P004,Sunflower Oil 1L,Grocery,15,319,600
2026-06-17,P004,Sunflower Oil 1L,Grocery,15,319,585
2026-06-18,P004,Sunflower Oil 1L,Grocery,18,319,567
2026-06-19,P004,Sunflower Oil 1L,Grocery,15,319,552
2026-06-20,P004,Sunflower Oil 1L,Grocery,23,319,529
2026-06-21,P004,Sunflower Oil 1L,Grocery,23,319,506
2026-06-22,P004,Sunflower Oil 1L,Grocery,17,319,489
2026-06-23,P004,Sunflower Oil 1L,Grocery,22,319,467
2026-06-24,P004,Sunflower Oil 1L,Grocery,15,319,452
2026-06-25,P004,Sunflower Oil 1L,Grocery,7,319,445
2026-06-26,P004,Sunflower Oil 1L,Grocery,20,319,425
2026-06-27,P004,Sunflower Oil 1L,Grocery,22,319,403
2026-06-28,P004,Sunflower Oil 1L,Grocery,18,319,385
2026-06-29,P004,Sunflower Oil 1L,Grocery,19,319,366
2026-06-30,P004,Sunflower Oil 1L,Grocery,20,319,346
2026-07-01,P004,Sunflower Oil 1L,Grocery,22,319,324
2026-07-02,P004,Sunflower Oil 1L,Grocery,18,319,306
2026-07-03,P004,Sunflower Oil 1L,Grocery,11,319,295
2026-07-04,P004,Sunflower Oil 1L,Grocery,15,319,280
2026-07-05,P004,Sunflower Oil 1L,Grocery,24,319,256
2026-07-06,P004,Sunflower Oil 1L,Grocery,17,319,239
2026-07-07,P004,Sunflower Oil 1L,Grocery,17,319,222
2026-07-08,P004,Sunflower Oil 1L,Grocery,20,319,202
2026-07-09,P004,Sunflower Oil 1L,Grocery,17,319,185
2026-07-10,P004,Sunflower Oil 1L,Grocery,18,319,167
2026-07-11,P004,Sunflower Oil 1L,Grocery,19,319,148
2026-07-12,P004,Sunflower Oil 1L,Grocery,11,319,137
2026-07-13,P004,Sunflower Oil 1L,Grocery,26,319,111
2026-07-14,P004,Sunflower Oil 1L,Grocery,19,319,621
2026-07-15,P004,Sunflower Oil 1L,Grocery,11,319,610
2026-07-16,P004,Sunflower Oil 1L,Grocery,15,319,595
2026-07-17,P004,Sunflower Oil 1L,Grocery,17,319,578
2026-07-18,P004,Sunflower Oil 1L,Grocery,27,319,551
2026-07-19,P004,Sunflower Oil 1L,Grocery,28,319,523
2026-07-20,P004,Sunflower Oil 1L,Grocery,23,319,500
2026-07-21,P004,Sunflower Oil 1L,Grocery,15,319,485
2026-07-22,P004,Sunflower Oil 1L,Grocery,14,319,471
2026-07-23,P004,Sunflower Oil 1L,Grocery,16,319,455
2026-07-24,P004,Sunflower Oil 1L,Grocery,23,319,432
2026-07-25,P004,Sunflower Oil 1L,Grocery,22,319,410
2026-07-26,P004,Sunflower Oil 1L,Grocery,27,319,383
2026-07-27,P004,Sunflower Oil 1L,Grocery,11,319,372
2026-07-28,P004,Sunflower Oil 1L,Grocery,20,319,352
2026-07-29,P004,Sunflower Oil 1L,Grocery,19,319,333
2026-07-30,P004,Sunflower Oil 1L,Grocery,16,319,317
2026-07-31,P004,Sunflower Oil 1L,Grocery,12,319,305
2026-08-01,P004,Sunflower Oil 1L,Grocery,20,319,285
2026-08-02,P004,Sunflower Oil 1L,Grocery,20,319,265
2026-08-03,P004,Sunflower Oil 1L,Grocery,17,319,248
2026-08-04,P004,Sunflower Oil 1L,Grocery,20,319,228
2026-08-05,P004,Sunflower Oil 1L,Grocery,16,319,212
2026-08-06,P004,Sunflower Oil 1L,Grocery,19,319,193
2026-08-07,P004,Sunflower Oil 1L,Grocery,15,319,178
2026-08-08,P004,Sunflower Oil 1L,Grocery,24,319,154
2026-08-09,P004,Sunflower Oil 1L,Grocery,21,319,133
2026-08-10,P004,Sunflower Oil 1L,Grocery,13,319,120
2026-08-11,P004,Sunflower Oil 1L,Grocery,17,319,632
2026-08-12,P004,Sunflower Oil 1L,Grocery,25,319,607
2026-08-13,P004,Sunflower Oil 1L,Grocery,27,319,580
2026-08-14,P004,Sunflower Oil 1L,Grocery,18,319,562
2026-08-15,P004,Sunflower Oil 1L,Grocery,25,319,537
2026-08-16,P004,Sunflower Oil 1L,Grocery,32,319,505
2026-08-17,P004,Sunflower Oil 1L,Grocery,14,319,491
2026-08-18,P004,Sunflower Oil 1L,Grocery,25,319,466
2026-08-19,P004,Sunflower Oil 1L,Grocery,19,319,447
2026-08-20,P004,Sunflower Oil 1L,Grocery,22,319,425
2026-08-21,P004,Sunflower Oil 1L,Grocery,22,319,403
2026-08-22,P004,Sunflower Oil 1L,Grocery,18,319,385
2026-08-23,P004,Sunflower Oil 1L,Grocery,15,319,370
2026-08-24,P004,Sunflower Oil 1L,Grocery,12,319,358
2026-08-25,P004,Sunflower Oil 1L,Grocery,9,319,349
2026-08-26,P004,Sunflower Oil 1L,Grocery,14,319,335
2026-08-27,P004,Sunflower Oil 1L,Grocery,21,319,314
2026-08-28,P004,Sunflower Oil 1L,Grocery,16,319,298
2026-08-29,P004,Sunflower Oil 1L,Grocery,21,319,277
2026-08-30,P004,Sunflower Oil 1L,Grocery,22,319,255
2026-08-31,P004,Sunflower Oil 1L,Grocery,22,319,233
2026-09-01,P004,Sunflower Oil 1L,Grocery,14,319,219
2026-09-02,P004,Sunflower Oil 1L,Grocery,18,319,201
2026-09-03,P004,Sunflower Oil 1L,Grocery,15,319,186
2026-09-04,P004,Sunflower Oil 1L,Grocery,19,319,167
2026-09-05,P004,Sunflower Oil 1L,Grocery,17,319,150
2026-09-06,P004,Sunflower Oil 1L,Grocery,20,319,130
2026-09-07,P004,Sunflower Oil 1L,Grocery,15,319,115
2026-09-08,P004,Sunflower Oil 1L,Grocery,21,319,623
2026-09-09,P004,Sunflower Oil 1L,Grocery,22,319,601
2026-09-10,P004,Sunflower Oil 1L,Grocery,18,319,583
2026-09-11,P004,Sunflower Oil 1L,Grocery,24,319,559
2026-09-12,P004,Sunflower Oil 1L,Grocery,26,319,533
2026-09-13,P004,Sunflower Oil 1L,Grocery,26,319,507
2026-09-14,P004,Sunflower Oil 1L,Grocery,15,319,492
2026-09-15,P004,Sunflower Oil 1L,Grocery,22,319,470
2026-09-16,P004,Sunflower Oil 1L,Grocery,15,319,455
2026-09-17,P004,Sunflower Oil 1L,Grocery,29,319,426
2026-09-18,P004,Sunflower Oil 1L,Grocery,17,319,409
2026-09-19,P004,Sunflower Oil 1L,Grocery,21,319,388
2026-09-20,P004,Sunflower Oil 1L,Grocery,21,319,367
2026-09-21,P004,Sunflower Oil 1L,Grocery,18,319,349
2026-09-22,P004,Sunflower Oil 1L,Grocery,20,319,329
2026-09-23,P004,Sunflower Oil 1L,Grocery,18,319,311
2026-09-24,P004,Sunflower Oil 1L,Grocery,21,319,290
2026-09-25,P004,Sunflower Oil 1L,Grocery,21,319,269
2026-09-26,P004,Sunflower Oil 1L,Grocery,22,319,247
2026-09-27,P004,Sunflower Oil 1L,Grocery,24,319,223
2026-04-01,P005,Sugar 1kg,Grocery,18,336,351
2026-04-02,P005,Sugar 1kg,Grocery,19,336,332
2026-04-03,P005,Sugar 1kg,Grocery,16,336,316
2026-04-04,P005,Sugar 1kg,Grocery,20,336,296
2026-04-05,P005,Sugar 1kg,Grocery,19,336,277
2026-04-06,P005,Sugar 1kg,Grocery,18,336,259
2026-04-07,P005,Sugar 1kg,Grocery,10,336,249
2026-04-08,P005,Sugar 1kg,Grocery,18,336,231
2026-04-09,P005,Sugar 1kg,Grocery,20,336,211
2026-04-10,P005,Sugar 1kg,Grocery,13,336,198
2026-04-11,P005,Sugar 1kg,Grocery,18,336,180
2026-04-12,P005,Sugar 1kg,Grocery,18,336,162
2026-04-13,P005,Sugar 1kg,Grocery,10,336,152
2026-04-14,P005,Sugar 1kg,Grocery,18,336,134
2026-04-15,P005,Sugar 1kg,Grocery,16,336,118
2026-04-16,P005,Sugar 1kg,Grocery,15,336,103
2026-04-17,P005,Sugar 1kg,Grocery,11,336,92
2026-04-18,P005,Sugar 1kg,Grocery,18,336,517
2026-04-19,P005,Sugar 1kg,Grocery,19,336,498
2026-04-20,P005,Sugar 1kg,Grocery,15,336,483
2026-04-21,P005,Sugar 1kg,Grocery,19,336,464
2026-04-22,P005,Sugar 1kg,Grocery,22,336,442
2026-04-23,P005,Sugar 1kg,Grocery,15,336,427
2026-04-24,P005,Sugar 1kg,Grocery,15,336,412
2026-04-25,P005,Sugar 1kg,Grocery,18,336,394
2026-04-26,P005,Sugar 1kg,Grocery,16,336,378
2026-04-27,P005,Sugar 1kg,Grocery,10,336,368
2026-04-28,P005,Sugar 1kg,Grocery,14,336,354
2026-04-29,P005,Sugar 1kg,Grocery,13,336,341
2026-04-30,P005,Sugar 1kg,Grocery,12,336,329
2026-05-01,P005,Sugar 1kg,Grocery,8,336,321
2026-05-02,P005,Sugar 1kg,Grocery,23,336,298
2026-05-03,P005,Sugar 1kg,Grocery,23,336,275
2026-05-04,P005,Sugar 1kg,Grocery,15,336,260
2026-05-05,P005,Sugar 1kg,Grocery,12,336,248
2026-05-06,P005,Sugar 1kg,Grocery,13,336,235
2026-05-07,P005,Sugar 1kg,Grocery,8,336,227
2026-05-08,P005,Sugar 1kg,Grocery,14,336,213
2026-05-09,P005,Sugar 1kg,Grocery,13,336,200
2026-05-10,P005,Sugar 1kg,Grocery,15,336,185
2026-05-11,P005,Sugar 1kg,Grocery,12,336,173
2026-05-12,P005,Sugar 1kg,Grocery,11,336,162
2026-05-13,P005,Sugar 1kg,Grocery,13,336,149
2026-05-14,P005,Sugar 1kg,Grocery,20,336,129
2026-05-15,P005,Sugar 1kg,Grocery,17,336,112
2026-05-16,P005,Sugar 1kg,Grocery,13,336,99
2026-05-17,P005,Sugar 1kg,Grocery,15,336,527
2026-05-18,P005,Sugar 1kg,Grocery,19,336,508
2026-05-19,P005,Sugar 1kg,Grocery,15,336,493
2026-05-20,P005,Sugar 1kg,Grocery,17,336,476
2026-05-21,P005,Sugar 1kg,Grocery,11,336,465
2026-05-22,P005,Sugar 1kg,Grocery,25,336,440
2026-05-23,P005,Sugar 1kg,Grocery,17,336,423
2026-05-24,P005,Sugar 1kg,Grocery,19,336,404
2026-05-25,P005,Sugar 1kg,Grocery,11,336,393
2026-05-26,P005,Sugar 1kg,Grocery,18,336,375
2026-05-27,P005,Sugar 1kg,Grocery,13,336,362
2026-05-28,P005,Sugar 1kg,Grocery,20,336,342
2026-05-29,P005,Sugar 1kg,Grocery,11,336,331
2026-05-30,P005,Sugar 1kg,Grocery,14,336,317
2026-05-31,P005,Sugar 1kg,Grocery,11,336,306
2026-06-01,P005,Sugar 1kg,Grocery,14,336,292
2026-06-02,P005,Sugar 1kg,Grocery,7,336,285
2026-06-03,P005,Sugar 1kg,Grocery,17,336,268
2026-06-04,P005,Sugar 1kg,Grocery,14,336,254
2026-06-05,P005,Sugar 1kg,Grocery,10,336,244
2026-06-06,P005,Sugar 1kg,Grocery,19,336,225
2026-06-07,P005,Sugar 1kg,Grocery,20,336,205
2026-06-08,P005,Sugar 1kg,Grocery,13,336,192
2026-06-09,P005,Sugar 1kg,Grocery,20,336,172
2026-06-10,P005,Sugar 1kg,Grocery,16,336,156
2026-06-11,P005,Sugar 1kg,Grocery,7,336,149
2026-06-12,P005,Sugar 1kg,Grocery,10,336,139
2026-06-13,P005,Sugar 1kg,Grocery,18,336,121
2026-06-14,P005,Sugar 1kg,Grocery,12,336,109
2026-06-15,P005,Sugar 1kg,Grocery,23,336,529
2026-06-16,P005,Sugar 1kg,Grocery,13,336,516
2026-06-17,P005,Sugar 1kg,Grocery,16,336,500
2026-06-18,P005,Sugar 1kg,Grocery,15,336,485
2026-06-19,P005,Sugar 1kg,Grocery,14,336,471
2026-06-20,P005,Sugar 1kg,Grocery,9,336,462
2026-06-21,P005,Sugar 1kg,Grocery,18,336,444
2026-06-22,P005,Sugar 1kg,Grocery,12,336,432
2026-06-23,P005,Sugar 1kg,Grocery,17,336,415
2026-06-24,P005,Sugar 1kg,Grocery,10,336,405
2026-06-25,P005,Sugar 1kg,Grocery,17,336,388
2026-06-26,P005,Sugar 1kg,Grocery,19,336,369
2026-06-27,P005,Sugar 1kg,Grocery,18,336,351
2026-06-28,P005,Sugar 1kg,Grocery,19,336,332
2026-06-29,P005,Sugar 1kg,Grocery,14,336,318
2026-06-30,P005,Sugar 1kg,Grocery,12,336,306
2026-07-01,P005,Sugar 1kg,Grocery,21,336,285
2026-07-02,P005,Sugar 1kg,Grocery,16,336,269
2026-07-03,P005,Sugar 1kg,Grocery,17,336,252
2026-07-04,P005,Sugar 1kg,Grocery,18,336,234
2026-07-05,P005,Sugar 1kg,Grocery,19,336,215
2026-07-06,P005,Sugar 1kg,Grocery,17,336,198
2026-07-07,P005,Sugar 1kg,Grocery,20,336,178
2026-07-08,P005,Sugar 1kg,Grocery,11,336,167
2026-07-09,P005,Sugar 1kg,Grocery,15,336,152
2026-07-10,P005,Sugar 1kg,Grocery,18,336,134
2026-07-11,P005,Sugar 1kg,Grocery,16,336,118
2026-07-12,P005,Sugar 1kg,Grocery,16,336,102
2026-07-13,P005,Sugar 1kg,Grocery,12,336,90
2026-07-14,P005,Sugar 1kg,Grocery,18,336,515
2026-07-15,P005,Sugar 1kg,Grocery,13,336,502
2026-07-16,P005,Sugar 1kg,Grocery,15,336,487
2026-07-17,P005,Sugar 1kg,Grocery,25,336,462
2026-07-18,P005,Sugar 1kg,Grocery,15,336,447
2026-07-19,P005,Sugar 1kg,Grocery,13,336,434
2026-07-20,P005,Sugar 1kg,Grocery,17,336,417
2026-07-21,P005,Sugar 1kg,Grocery,13,336,404
2026-07-22,P005,Sugar 1kg,Grocery,10,336,394
2026-07-23,P005,Sugar 1kg,Grocery,17,336,377
2026-07-24,P005,Sugar 1kg,Grocery,18,336,359
2026-07-25,P005,Sugar 1kg,Grocery,15,336,344
2026-07-26,P005,Sugar 1kg,Grocery,14,336,330
2026-07-27,P005,Sugar 1kg,Grocery,11,336,319
2026-07-28,P005,Sugar 1kg,Grocery,10,336,309
2026-07-29,P005,Sugar 1kg,Grocery,19,336,290
2026-07-30,P005,Sugar 1kg,Grocery,10,336,280
2026-07-31,P005,Sugar 1kg,Grocery,7,336,273
2026-08-01,P005,Sugar 1kg,Grocery,17,336,256
2026-08-02,P005,Sugar 1kg,Grocery,15,336,241
2026-08-03,P005,Sugar 1kg,Grocery,19,336,222
2026-08-04,P005,Sugar 1kg,Grocery,16,336,206
2026-08-05,P005,Sugar 1kg,Grocery,15,336,191
2026-08-06,P005,Sugar 1kg,Grocery,13,336,178
2026-08-07,P005,Sugar 1kg,Grocery,16,336,162
2026-08-08,P005,Sugar 1kg,Grocery,20,336,142
2026-08-09,P005,Sugar 1kg,Grocery,18,336,124
2026-08-10,P005,Sugar 1kg,Grocery,14,336,110
2026-08-11,P005,Sugar 1kg,Grocery,12,336,98
2026-08-12,P005,Sugar 1kg,Grocery,16,336,525
2026-08-13,P005,Sugar 1kg,Grocery,15,336,510
2026-08-14,P005,Sugar 1kg,Grocery,17,336,493
2026-08-15,P005,Sugar 1kg,Grocery,16,336,477
2026-08-16,P005,Sugar 1kg,Grocery,15,336,462
2026-08-17,P005,Sugar 1kg,Grocery,13,336,449
2026-08-18,P005,Sugar 1kg,Grocery,11,336,438
2026-08-19,P005,Sugar 1kg,Grocery,14,336,424
2026-08-20,P005,Sugar 1kg,Grocery,8,336,416
2026-08-21,P005,Sugar 1kg,Grocery,13,336,403
2026-08-22,P005,Sugar 1kg,Grocery,16,336,387
2026-08-23,P005,Sugar 1kg,Grocery,15,336,372
2026-08-24,P005,Sugar 1kg,Grocery,14,336,358
2026-08-25,P005,Sugar 1kg,Grocery,11,336,347
2026-08-26,P005,Sugar 1kg,Grocery,14,336,333
2026-08-27,P005,Sugar 1kg,Grocery,24,336,309
2026-08-28,P005,Sugar 1kg,Grocery,14,336,295
2026-08-29,P005,Sugar 1kg,Grocery,15,336,280
2026-08-30,P005,Sugar 1kg,Grocery,21,336,259
2026-08-31,P005,Sugar 1kg,Grocery,16,336,243
2026-09-01,P005,Sugar 1kg,Grocery,14,336,229
2026-09-02,P005,Sugar 1kg,Grocery,11,336,218
2026-09-03,P005,Sugar 1kg,Grocery,15,336,203
2026-09-04,P005,Sugar 1kg,Grocery,20,336,183
2026-09-05,P005,Sugar 1kg,Grocery,23,336,160
2026-09-06,P005,Sugar 1kg,Grocery,18,336,142
2026-09-07,P005,Sugar 1kg,Grocery,13,336,129
2026-09-08,P005,Sugar 1kg,Grocery,12,336,117
2026-09-09,P005,Sugar 1kg,Grocery,15,336,102
2026-09-10,P005,Sugar 1kg,Grocery,14,336,531
2026-09-11,P005,Sugar 1kg,Grocery,20,336,511
2026-09-12,P005,Sugar 1kg,Grocery,26,336,485
2026-09-13,P005,Sugar 1kg,Grocery,19,336,466
2026-09-14,P005,Sugar 1kg,Grocery,19,336,447
2026-09-15,P005,Sugar 1kg,Grocery,21,336,426
2026-09-16,P005,Sugar 1kg,Grocery,16,336,410
2026-09-17,P005,Sugar 1kg,Grocery,12,336,398
2026-09-18,P005,Sugar 1kg,Grocery,16,336,382
2026-09-19,P005,Sugar 1kg,Grocery,12,336,370
2026-09-20,P005,Sugar 1kg,Grocery,14,336,356
2026-09-21,P005,Sugar 1kg,Grocery,16,336,340
2026-09-22,P005,Sugar 1kg,Grocery,20,336,320
2026-09-23,P005,Sugar 1kg,Grocery,9,336,311
2026-09-24,P005,Sugar 1kg,Grocery,12,336,299
2026-09-25,P005,Sugar 1kg,Grocery,17,336,282
2026-09-26,P005,Sugar 1kg,Grocery,28,336,254
2026-09-27,P005,Sugar 1kg,Grocery,17,336,237
2026-04-01,P006,Tea 500g,Grocery,4,347,119
2026-04-02,P006,Tea 500g,Grocery,3,347,116
2026-04-03,P006,Tea 500g,Grocery,4,347,112
2026-04-04,P006,Tea 500g,Grocery,2,347,110
2026-04-05,P006,Tea 500g,Grocery,5,347,105
2026-04-06,P006,Tea 500g,Grocery,2,347,103
2026-04-07,P006,Tea 500g,Grocery,6,347,97
2026-04-08,P006,Tea 500g,Grocery,1,347,96
2026-04-09,P006,Tea 500g,Grocery,3,347,93
2026-04-10,P006,Tea 500g,Grocery,5,347,88
2026-04-11,P006,Tea 500g,Grocery,4,347,84
2026-04-12,P006,Tea 500g,Grocery,5,347,79
2026-04-13,P006,Tea 500g,Grocery,3,347,76
2026-04-14,P006,Tea 500g,Grocery,9,347,67
2026-04-15,P006,Tea 500g,Grocery,4,347,63
2026-04-16,P006,Tea 500g,Grocery,6,347,57
2026-04-17,P006,Tea 500g,Grocery,5,347,52
2026-04-18,P006,Tea 500g,Grocery,13,347,39
2026-04-19,P006,Tea 500g,Grocery,6,347,33
2026-04-20,P006,Tea 500g,Grocery,4,347,176
2026-04-21,P006,Tea 500g,Grocery,5,347,171
2026-04-22,P006,Tea 500g,Grocery,7,347,164
2026-04-23,P006,Tea 500g,Grocery,4,347,160
2026-04-24,P006,Tea 500g,Grocery,6,347,154
2026-04-25,P006,Tea 500g,Grocery,9,347,145
2026-04-26,P006,Tea 500g,Grocery,12,347,133
2026-04-27,P006,Tea 500g,Grocery,8,347,125
2026-04-28,P006,Tea 500g,Grocery,2,347,123
2026-04-29,P006,Tea 500g,Grocery,6,347,117
2026-04-30,P006,Tea 500g,Grocery,3,347,114
2026-05-01,P006,Tea 500g,Grocery,6,347,108
2026-05-02,P006,Tea 500g,Grocery,3,347,105
2026-05-03,P006,Tea 500g,Grocery,7,347,98
2026-05-04,P006,Tea 500g,Grocery,2,347,96
2026-05-05,P006,Tea 500g,Grocery,12,347,84
2026-05-06,P006,Tea 500g,Grocery,5,347,79
2026-05-07,P006,Tea 500g,Grocery,2,347,77
2026-05-08,P006,Tea 500g,Grocery,5,347,72
2026-05-09,P006,Tea 500g,Grocery,5,347,67
2026-05-10,P006,Tea 500g,Grocery,5,347,62
2026-05-11,P006,Tea 500g,Grocery,4,347,58
2026-05-12,P006,Tea 500g,Grocery,3,347,55
2026-05-13,P006,Tea 500g,Grocery,3,347,52
2026-05-14,P006,Tea 500g,Grocery,4,347,48
2026-05-15,P006,Tea 500g,Grocery,4,347,44
2026-05-16,P006,Tea 500g,Grocery,6,347,38
2026-05-17,P006,Tea 500g,Grocery,8,347,30
2026-05-18,P006,Tea 500g,Grocery,4,347,173
2026-05-19,P006,Tea 500g,Grocery,3,347,170
2026-05-20,P006,Tea 500g,Grocery,9,347,161
2026-05-21,P006,Tea 500g,Grocery,8,347,153
2026-05-22,P006,Tea 500g,Grocery,4,347,149
2026-05-23,P006,Tea 500g,Grocery,6,347,143
2026-05-24,P006,Tea 500g,Grocery,4,347,139
2026-05-25,P006,Tea 500g,Grocery,8,347,131
2026-05-26,P006,Tea 500g,Grocery,2,347,129
2026-05-27,P006,Tea 500g,Grocery,6,347,123
2026-05-28,P006,Tea 500g,Grocery,2,347,121
2026-05-29,P006,Tea 500g,Grocery,8,347,113
2026-05-30,P006,Tea 500g,Grocery,6,347,107
2026-05-31,P006,Tea 500g,Grocery,4,347,103
2026-06-01,P006,Tea 500g,Grocery,1,347,102
2026-06-02,P006,Tea 500g,Grocery,3,347,99
2026-06-03,P006,Tea 500g,Grocery,8,347,91
2026-06-04,P006,Tea 500g,Grocery,2,347,89
2026-06-05,P006,Tea 500g,Grocery,8,347,81
2026-06-06,P006,Tea 500g,Grocery,6,347,75
2026-06-07,P006,Tea 500g,Grocery,4,347,71
2026-06-08,P006,Tea 500g,Grocery,4,347,67
2026-06-09,P006,Tea 500g,Grocery,6,347,61
2026-06-10,P006,Tea 500g,Grocery,5,347,56
2026-06-11,P006,Tea 500g,Grocery,5,347,51
2026-06-12,P006,Tea 500g,Grocery,4,347,47
2026-06-13,P006,Tea 500g,Grocery,7,347,40
2026-06-14,P006,Tea 500g,Grocery,5,347,35
2026-06-15,P006,Tea 500g,Grocery,0,347,35
2026-06-16,P006,Tea 500g,Grocery,4,347,31
2026-06-17,P006,Tea 500g,Grocery,3,347,175
2026-06-18,P006,Tea 500g,Grocery,1,347,174
2026-06-19,P006,Tea 500g,Grocery,7,347,167
2026-06-20,P006,Tea 500g,Grocery,3,347,164
2026-06-21,P006,Tea 500g,Grocery,7,347,157
2026-06-22,P006,Tea 500g,Grocery,7,347,150
2026-06-23,P006,Tea 500g,Grocery,3,347,147
2026-06-24,P006,Tea 500g,Grocery,4,347,143
2026-06-25,P006,Tea 500g,Grocery,6,347,137
2026-06-26,P006,Tea 500g,Grocery,9,347,128
2026-06-27,P006,Tea 500g,Grocery,6,347,122
2026-06-28,P006,Tea 500g,Grocery,6,347,116
2026-06-29,P006,Tea 500g,Grocery,3,347,113
2026-06-30,P006,Tea 500g,Grocery,4,347,109
2026-07-01,P006,Tea 500g,Grocery,6,347,103
2026-07-02,P006,Tea 500g,Grocery,3,347,100
2026-07-03,P006,Tea 500g,Grocery,3,347,97
2026-07-04,P006,Tea 500g,Grocery,11,347,86
2026-07-05,P006,Tea 500g,Grocery,5,347,81
2026-07-06,P006,Tea 500g,Grocery,1,347,80
2026-07-07,P006,Tea 500g,Grocery,7,347,73
2026-07-08,P006,Tea 500g,Grocery,2,347,71
2026-07-09,P006,Tea 500g,Grocery,5,347,66
2026-07-10,P006,Tea 500g,Grocery,5,347,61
2026-07-11,P006,Tea 500g,Grocery,5,347,56
2026-07-12,P006,Tea 500g,Grocery,6,347,50
2026-07-13,P006,Tea 500g,Grocery,8,347,42
2026-07-14,P006,Tea 500g,Grocery,7,347,35
2026-07-15,P006,Tea 500g,Grocery,5,347,30
2026-07-16,P006,Tea 500g,Grocery,7,347,170
2026-07-17,P006,Tea 500g,Grocery,7,347,163
2026-07-18,P006,Tea 500g,Grocery,7,347,156
2026-07-19,P006,Tea 500g,Grocery,6,347,150
2026-07-20,P006,Tea 500g,Grocery,3,347,147
2026-07-21,P006,Tea 500g,Grocery,4,347,143
2026-07-22,P006,Tea 500g,Grocery,0,347,143
2026-07-23,P006,Tea 500g,Grocery,2,347,141
2026-07-24,P006,Tea 500g,Grocery,7,347,134
2026-07-25,P006,Tea 500g,Grocery,6,347,128
2026-07-26,P006,Tea 500g,Grocery,7,347,121
2026-07-27,P006,Tea 500g,Grocery,4,347,117
2026-07-28,P006,Tea 500g,Grocery,3,347,114
2026-07-29,P006,Tea 500g,Grocery,4,347,110
2026-07-30,P006,Tea 500g,Grocery,9,347,101
2026-07-31,P006,Tea 500g,Grocery,9,347,92
2026-08-01,P006,Tea 500g,Grocery,4,347,88
2026-08-02,P006,Tea 500g,Grocery,7,347,81
2026-08-03,P006,Tea 500g,Grocery,4,347,77
2026-08-04,P006,Tea 500g,Grocery,4,347,73
2026-08-05,P006,Tea 500g,Grocery,5,347,68
2026-08-06,P006,Tea 500g,Grocery,6,347,62
2026-08-07,P006,Tea 500g,Grocery,3,347,59
2026-08-08,P006,Tea 500g,Grocery,3,347,56
2026-08-09,P006,Tea 500g,Grocery,6,347,50
2026-08-10,P006,Tea 500g,Grocery,5,347,45
2026-08-11,P006,Tea 500g,Grocery,8,347,37
2026-08-12,P006,Tea 500g,Grocery,4,347,33
2026-08-13,P006,Tea 500g,Grocery,1,347,32
2026-08-14,P006,Tea 500g,Grocery,2,347,30
2026-08-15,P006,Tea 500g,Grocery,10,347,167
2026-08-16,P006,Tea 500g,Grocery,3,347,164
2026-08-17,P006,Tea 500g,Grocery,4,347,160
2026-08-18,P006,Tea 500g,Grocery,4,347,156
2026-08-19,P006,Tea 500g,Grocery,8,347,148
2026-08-20,P006,Tea 500g,Grocery,3,347,145
2026-08-21,P006,Tea 500g,Grocery,5,347,140
2026-08-22,P006,Tea 500g,Grocery,9,347,131
2026-08-23,P006,Tea 500g,Grocery,5,347,126
2026-08-24,P006,Tea 500g,Grocery,3,347,123
2026-08-25,P006,Tea 500g,Grocery,4,347,119
2026-08-26,P006,Tea 500g,Grocery,6,347,113
2026-08-27,P006,Tea 500g,Grocery,4,347,109
2026-08-28,P006,Tea 500g,Grocery,6,347,103
2026-08-29,P006,Tea 500g,Grocery,5,347,98
2026-08-30,P006,Tea 500g,Grocery,8,347,90
2026-08-31,P006,Tea 500g,Grocery,6,347,84
2026-09-01,P006,Tea 500g,Grocery,5,347,79
2026-09-02,P006,Tea 500g,Grocery,7,347,72
2026-09-03,P006,Tea 500g,Grocery,5,347,67
2026-09-04,P006,Tea 500g,Grocery,4,347,63
2026-09-05,P006,Tea 500g,Grocery,9,347,54
2026-09-06,P006,Tea 500g,Grocery,8,347,46
2026-09-07,P006,Tea 500g,Grocery,4,347,42
2026-09-08,P006,Tea 500g,Grocery,4,347,38
2026-09-09,P006,Tea 500g,Grocery,10,347,175
2026-09-10,P006,Tea 500g,Grocery,5,347,170
2026-09-11,P006,Tea 500g,Grocery,4,347,166
2026-09-12,P006,Tea 500g,Grocery,2,347,164
2026-09-13,P006,Tea 500g,Grocery,4,347,160
2026-09-14,P006,Tea 500g,Grocery,5,347,155
2026-09-15,P006,Tea 500g,Grocery,6,347,149
2026-09-16,P006,Tea 500g,Grocery,4,347,145
2026-09-17,P006,Tea 500g,Grocery,0,347,145
2026-09-18,P006,Tea 500g,Grocery,5,347,140
2026-09-19,P006,Tea 500g,Grocery,6,347,134
2026-09-20,P006,Tea 500g,Grocery,6,347,128
2026-09-21,P006,Tea 500g,Grocery,4,347,124
2026-09-22,P006,Tea 500g,Grocery,10,347,114
2026-09-23,P006,Tea 500g,Grocery,2,347,112
2026-09-24,P006,Tea 500g,Grocery,1,347,111
2026-09-25,P006,Tea 500g,Grocery,3,347,108
2026-09-26,P006,Tea 500g,Grocery,6,347,102
2026-09-27,P006,Tea 500g,Grocery,7,347,95
2026-04-01,P007,Namkeen 200g,Snacks,8,381,206
2026-04-02,P007,Namkeen 200g,Snacks,7,381,199
2026-04-03,P007,Namkeen 200g,Snacks,9,381,190
2026-04-04,P007,Namkeen 200g,Snacks,9,381,181
2026-04-05,P007,Namkeen 200g,Snacks,7,381,174
2026-04-06,P007,Namkeen 200g,Snacks,10,381,164
2026-04-07,P007,Namkeen 200g,Snacks,10,381,154
2026-04-08,P007,Namkeen 200g,Snacks,10,381,144
2026-04-09,P007,Namkeen 200g,Snacks,10,381,134
2026-04-10,P007,Namkeen 200g,Snacks,10,381,124
2026-04-11,P007,Namkeen 200g,Snacks,11,381,113
2026-04-12,P007,Namkeen 200g,Snacks,17,381,96
2026-04-13,P007,Namkeen 200g,Snacks,9,381,87
2026-04-14,P007,Namkeen 200g,Snacks,4,381,83
2026-04-15,P007,Namkeen 200g,Snacks,10,381,73
2026-04-16,P007,Namkeen 200g,Snacks,5,381,68
2026-04-17,P007,Namkeen 200g,Snacks,5,381,63
2026-04-18,P007,Namkeen 200g,Snacks,12,381,307
2026-04-19,P007,Namkeen 200g,Snacks,15,381,292
2026-04-20,P007,Namkeen 200g,Snacks,13,381,279
2026-04-21,P007,Namkeen 200g,Snacks,4,381,275
2026-04-22,P007,Namkeen 200g,Snacks,4,381,271
2026-04-23,P007,Namkeen 200g,Snacks,7,381,264
2026-04-24,P007,Namkeen 200g,Snacks,4,381,260
2026-04-25,P007,Namkeen 200g,Snacks,10,381,250
2026-04-26,P007,Namkeen 200g,Snacks,6,381,244
2026-04-27,P007,Namkeen 200g,Snacks,9,381,235
2026-04-28,P007,Namkeen 200g,Snacks,8,381,227
2026-04-29,P007,Namkeen 200g,Snacks,5,381,222
2026-04-30,P007,Namkeen 200g,Snacks,12,381,210
2026-05-01,P007,Namkeen 200g,Snacks,17,381,193
2026-05-02,P007,Namkeen 200g,Snacks,7,381,186
2026-05-03,P007,Namkeen 200g,Snacks,14,381,172
2026-05-04,P007,Namkeen 200g,Snacks,11,381,161
2026-05-05,P007,Namkeen 200g,Snacks,7,381,154
2026-05-06,P007,Namkeen 200g,Snacks,7,381,147
2026-05-07,P007,Namkeen 200g,Snacks,7,381,140
2026-05-08,P007,Namkeen 200g,Snacks,9,381,131
2026-05-09,P007,Namkeen 200g,Snacks,9,381,122
2026-05-10,P007,Namkeen 200g,Snacks,13,381,109
2026-05-11,P007,Namkeen 200g,Snacks,7,381,102
2026-05-12,P007,Namkeen 200g,Snacks,15,381,87
2026-05-13,P007,Namkeen 200g,Snacks,10,381,77
2026-05-14,P007,Namkeen 200g,Snacks,11,381,66
2026-05-15,P007,Namkeen 200g,Snacks,10,381,56
2026-05-16,P007,Namkeen 200g,Snacks,9,381,303
2026-05-17,P007,Namkeen 200g,Snacks,13,381,290
2026-05-18,P007,Namkeen 200g,Snacks,7,381,283
2026-05-19,P007,Namkeen 200g,Snacks,8,381,275
2026-05-20,P007,Namkeen 200g,Snacks,6,381,269
2026-05-21,P007,Namkeen 200g,Snacks,13,381,256
2026-05-22,P007,Namkeen 200g,Snacks,11,381,245
2026-05-23,P007,Namkeen 200g,Snacks,13,381,232
2026-05-24,P007,Namkeen 200g,Snacks,17,381,215
2026-05-25,P007,Namkeen 200g,Snacks,5,381,210
2026-05-26,P007,Namkeen 200g,Snacks,7,381,203
2026-05-27,P007,Namkeen 200g,Snacks,6,381,197
2026-05-28,P007,Namkeen 200g,Snacks,4,381,193
2026-05-29,P007,Namkeen 200g,Snacks,11,381,182
2026-05-30,P007,Namkeen 200g,Snacks,15,381,167
2026-05-31,P007,Namkeen 200g,Snacks,19,381,148
2026-06-01,P007,Namkeen 200g,Snacks,4,381,144
2026-06-02,P007,Namkeen 200g,Snacks,9,381,135
2026-06-03,P007,Namkeen 200g,Snacks,5,381,130
2026-06-04,P007,Namkeen 200g,Snacks,11,381,119
2026-06-05,P007,Namkeen 200g,Snacks,8,381,111
2026-06-06,P007,Namkeen 200g,Snacks,19,381,92
2026-06-07,P007,Namkeen 200g,Snacks,12,381,80
2026-06-08,P007,Namkeen 200g,Snacks,8,381,72
2026-06-09,P007,Namkeen 200g,Snacks,9,381,63
2026-06-10,P007,Namkeen 200g,Snacks,7,381,56
2026-06-11,P007,Namkeen 200g,Snacks,8,381,304
2026-06-12,P007,Namkeen 200g,Snacks,13,381,291
2026-06-13,P007,Namkeen 200g,Snacks,11,381,280
2026-06-14,P007,Namkeen 200g,Snacks,16,381,264
2026-06-15,P007,Namkeen 200g,Snacks,8,381,256
2026-06-16,P007,Namkeen 200g,Snacks,8,381,248
2026-06-17,P007,Namkeen 200g,Snacks,8,381,240
2026-06-18,P007,Namkeen 200g,Snacks,8,381,232
2026-06-19,P007,Namkeen 200g,Snacks,6,381,226
2026-06-20,P007,Namkeen 200g,Snacks,9,381,217
2026-06-21,P007,Namkeen 200g,Snacks,8,381,209
2026-06-22,P007,Namkeen 200g,Snacks,7,381,202
2026-06-23,P007,Namkeen 200g,Snacks,6,381,196
2026-06-24,P007,Namkeen 200g,Snacks,11,381,185
2026-06-25,P007,Namkeen 200g,Snacks,10,381,175
2026-06-26,P007,Namkeen 200g,Snacks,3,381,172
2026-06-27,P007,Namkeen 200g,Snacks,15,381,157
2026-06-28,P007,Namkeen 200g,Snacks,6,381,151
2026-06-29,P007,Namkeen 200g,Snacks,8,381,143
2026-06-30,P007,Namkeen 200g,Snacks,9,381,134
2026-07-01,P007,Namkeen 200g,Snacks,7,381,127
2026-07-02,P007,Namkeen 200g,Snacks,9,381,118
2026-07-03,P007,Namkeen 200g,Snacks,15,381,103
2026-07-04,P007,Namkeen 200g,Snacks,13,381,90
2026-07-05,P007,Namkeen 200g,Snacks,5,381,85
2026-07-06,P007,Namkeen 200g,Snacks,4,381,81
2026-07-07,P007,Namkeen 200g,Snacks,13,381,68
2026-07-08,P007,Namkeen 200g,Snacks,9,381,59
2026-07-09,P007,Namkeen 200g,Snacks,14,381,301
2026-07-10,P007,Namkeen 200g,Snacks,11,381,290
2026-07-11,P007,Namkeen 200g,Snacks,12,381,278
2026-07-12,P007,Namkeen 200g,Snacks,11,381,267
2026-07-13,P007,Namkeen 200g,Snacks,9,381,258
2026-07-14,P007,Namkeen 200g,Snacks,9,381,249
2026-07-15,P007,Namkeen 200g,Snacks,11,381,238
2026-07-16,P007,Namkeen 200g,Snacks,6,381,232
2026-07-17,P007,Namkeen 200g,Snacks,10,381,222
2026-07-18,P007,Namkeen 200g,Snacks,14,381,208
2026-07-19,P007,Namkeen 200g,Snacks,6,381,202
2026-07-20,P007,Namkeen 200g,Snacks,6,381,196
2026-07-21,P007,Namkeen 200g,Snacks,8,381,188
2026-07-22,P007,Namkeen 200g,Snacks,8,381,180
2026-07-23,P007,Namkeen 200g,Snacks,6,381,174
2026-07-24,P007,Namkeen 200g,Snacks,9,381,165
2026-07-25,P007,Namkeen 200g,Snacks,11,381,154
2026-07-26,P007,Namkeen 200g,Snacks,8,381,146
2026-07-27,P007,Namkeen 200g,Snacks,7,381,139
2026-07-28,P007,Namkeen 200g,Snacks,9,381,130
2026-07-29,P007,Namkeen 200g,Snacks,10,381,120
2026-07-30,P007,Namkeen 200g,Snacks,7,381,113
2026-07-31,P007,Namkeen 200g,Snacks,6,381,107
2026-08-01,P007,Namkeen 200g,Snacks,11,381,96
2026-08-02,P007,Namkeen 200g,Snacks,13,381,83
2026-08-03,P007,Namkeen 200g,Snacks,10,381,73
2026-08-04,P007,Namkeen 200g,Snacks,9,381,64
2026-08-05,P007,Namkeen 200g,Snacks,14,381,306
2026-08-06,P007,Namkeen 200g,Snacks,10,381,296
2026-08-07,P007,Namkeen 200g,Snacks,9,381,287
2026-08-08,P007,Namkeen 200g,Snacks,15,381,272
2026-08-09,P007,Namkeen 200g,Snacks,7,381,265
2026-08-10,P007,Namkeen 200g,Snacks,7,381,258
2026-08-11,P007,Namkeen 200g,Snacks,6,381,252
2026-08-12,P007,Namkeen 200g,Snacks,8,381,244
2026-08-13,P007,Namkeen 200g,Snacks,7,381,237
2026-08-14,P007,Namkeen 200g,Snacks,8,381,229
2026-08-15,P007,Namkeen 200g,Snacks,14,381,215
2026-08-16,P007,Namkeen 200g,Snacks,12,381,203
2026-08-17,P007,Namkeen 200g,Snacks,5,381,198
2026-08-18,P007,Namkeen 200g,Snacks,6,381,192
2026-08-19,P007,Namkeen 200g,Snacks,8,381,184
2026-08-20,P007,Namkeen 200g,Snacks,10,381,174
2026-08-21,P007,Namkeen 200g,Snacks,8,381,166
2026-08-22,P007,Namkeen 200g,Snacks,4,381,162
2026-08-23,P007,Namkeen 200g,Snacks,13,381,149
2026-08-24,P007,Namkeen 200g,Snacks,3,381,146
2026-08-25,P007,Namkeen 200g,Snacks,7,381,139
2026-08-26,P007,Namkeen 200g,Snacks,6,381,133
2026-08-27,P007,Namkeen 200g,Snacks,12,381,121
2026-08-28,P007,Namkeen 200g,Snacks,2,381,119
2026-08-29,P007,Namkeen 200g,Snacks,17,381,102
2026-08-30,P007,Namkeen 200g,Snacks,11,381,91
2026-08-31,P007,Namkeen 200g,Snacks,14,381,77
2026-09-01,P007,Namkeen 200g,Snacks,8,381,69
2026-09-02,P007,Namkeen 200g,Snacks,7,381,62
2026-09-03,P007,Namkeen 200g,Snacks,9,381,53
2026-09-04,P007,Namkeen 200g,Snacks,5,381,304
2026-09-05,P007,Namkeen 200g,Snacks,13,381,291
2026-09-06,P007,Namkeen 200g,Snacks,12,381,279
2026-09-07,P007,Namkeen 200g,Snacks,8,381,271
2026-09-08,P007,Namkeen 200g,Snacks,9,381,262
2026-09-09,P007,Namkeen 200g,Snacks,8,381,254
2026-09-10,P007,Namkeen 200g,Snacks,9,381,245
2026-09-11,P007,Namkeen 200g,Snacks,9,381,236
2026-09-12,P007,Namkeen 200g,Snacks,13,381,223
2026-09-13,P007,Namkeen 200g,Snacks,14,381,209
2026-09-14,P007,Namkeen 200g,Snacks,4,381,205
2026-09-15,P007,Namkeen 200g,Snacks,4,381,201
2026-09-16,P007,Namkeen 200g,Snacks,7,381,194
2026-09-17,P007,Namkeen 200g,Snacks,15,381,179
2026-09-18,P007,Namkeen 200g,Snacks,9,381,170
2026-09-19,P007,Namkeen 200g,Snacks,7,381,163
2026-09-20,P007,Namkeen 200g,Snacks,11,381,152
2026-09-21,P007,Namkeen 200g,Snacks,8,381,144
2026-09-22,P007,Namkeen 200g,Snacks,12,381,132
2026-09-23,P007,Namkeen 200g,Snacks,17,381,115
2026-09-24,P007,Namkeen 200g,Snacks,10,381,105
2026-09-25,P007,Namkeen 200g,Snacks,9,381,96
2026-09-26,P007,Namkeen 200g,Snacks,8,381,88
2026-09-27,P007,Namkeen 200g,Snacks,12,381,76
2026-04-01,P008,Biscuits Pack,Snacks,14,213,408
2026-04-02,P008,Biscuits Pack,Snacks,31,213,377
2026-04-03,P008,Biscuits Pack,Snacks,12,213,365
2026-04-04,P008,Biscuits Pack,Snacks,18,213,347
2026-04-05,P008,Biscuits Pack,Snacks,22,213,325
2026-04-06,P008,Biscuits Pack,Snacks,21,213,304
2026-04-07,P008,Biscuits Pack,Snacks,18,213,286
2026-04-08,P008,Biscuits Pack,Snacks,12,213,274
2026-04-09,P008,Biscuits Pack,Snacks,13,213,261
2026-04-10,P008,Biscuits Pack,Snacks,28,213,233
2026-04-11,P008,Biscuits Pack,Snacks,23,213,210
2026-04-12,P008,Biscuits Pack,Snacks,20,213,190
2026-04-13,P008,Biscuits Pack,Snacks,17,213,173
2026-04-14,P008,Biscuits Pack,Snacks,16,213,157
2026-04-15,P008,Biscuits Pack,Snacks,22,213,135
2026-04-16,P008,Biscuits Pack,Snacks,15,213,120
2026-04-17,P008,Biscuits Pack,Snacks,19,213,608
2026-04-18,P008,Biscuits Pack,Snacks,13,213,595
2026-04-19,P008,Biscuits Pack,Snacks,15,213,580
2026-04-20,P008,Biscuits Pack,Snacks,16,213,564
2026-04-21,P008,Biscuits Pack,Snacks,16,213,548
2026-04-22,P008,Biscuits Pack,Snacks,18,213,530
2026-04-23,P008,Biscuits Pack,Snacks,17,213,513
2026-04-24,P008,Biscuits Pack,Snacks,22,213,491
2026-04-25,P008,Biscuits Pack,Snacks,21,213,470
2026-04-26,P008,Biscuits Pack,Snacks,26,213,444
2026-04-27,P008,Biscuits Pack,Snacks,13,213,431
2026-04-28,P008,Biscuits Pack,Snacks,19,213,412
2026-04-29,P008,Biscuits Pack,Snacks,19,213,393
2026-04-30,P008,Biscuits Pack,Snacks,14,213,379
2026-05-01,P008,Biscuits Pack,Snacks,17,213,362
2026-05-02,P008,Biscuits Pack,Snacks,23,213,339
2026-05-03,P008,Biscuits Pack,Snacks,21,213,318
2026-05-04,P008,Biscuits Pack,Snacks,17,213,301
2026-05-05,P008,Biscuits Pack,Snacks,13,213,288
2026-05-06,P008,Biscuits Pack,Snacks,20,213,268
2026-05-07,P008,Biscuits Pack,Snacks,18,213,250
2026-05-08,P008,Biscuits Pack,Snacks,14,213,236
2026-05-09,P008,Biscuits Pack,Snacks,20,213,216
2026-05-10,P008,Biscuits Pack,Snacks,15,213,201
2026-05-11,P008,Biscuits Pack,Snacks,21,213,180
2026-05-12,P008,Biscuits Pack,Snacks,14,213,166
2026-05-13,P008,Biscuits Pack,Snacks,20,213,146
2026-05-14,P008,Biscuits Pack,Snacks,22,213,124
2026-05-15,P008,Biscuits Pack,Snacks,14,213,110
2026-05-16,P008,Biscuits Pack,Snacks,18,213,599
2026-05-17,P008,Biscuits Pack,Snacks,27,213,572
2026-05-18,P008,Biscuits Pack,Snacks,22,213,550
2026-05-19,P008,Biscuits Pack,Snacks,16,213,534
2026-05-20,P008,Biscuits Pack,Snacks,15,213,519
2026-05-21,P008,Biscuits Pack,Snacks,24,213,495
2026-05-22,P008,Biscuits Pack,Snacks,18,213,477
2026-05-23,P008,Biscuits Pack,Snacks,25,213,452
2026-05-24,P008,Biscuits Pack,Snacks,31,213,421
2026-05-25,P008,Biscuits Pack,Snacks,18,213,403
2026-05-26,P008,Biscuits Pack,Snacks,21,213,382
2026-05-27,P008,Biscuits Pack,Snacks,12,213,370
2026-05-28,P008,Biscuits Pack,Snacks,20,213,350
2026-05-29,P008,Biscuits Pack,Snacks,13,213,337
2026-05-30,P008,Biscuits Pack,Snacks,10,213,327
2026-05-31,P008,Biscuits Pack,Snacks,18,213,309
2026-06-01,P008,Biscuits Pack,Snacks,17,213,292
2026-06-02,P008,Biscuits Pack,Snacks,19,213,273
2026-06-03,P008,Biscuits Pack,Snacks,16,213,257
2026-06-04,P008,Biscuits Pack,Snacks,11,213,246
2026-06-05,P008,Biscuits Pack,Snacks,17,213,229
2026-06-06,P008,Biscuits Pack,Snacks,28,213,201
2026-06-07,P008,Biscuits Pack,Snacks,29,213,172
2026-06-08,P008,Biscuits Pack,Snacks,14,213,158
2026-06-09,P008,Biscuits Pack,Snacks,20,213,138
2026-06-10,P008,Biscuits Pack,Snacks,22,213,116
2026-06-11,P008,Biscuits Pack,Snacks,22,213,601
2026-06-12,P008,Biscuits Pack,Snacks,12,213,589
2026-06-13,P008,Biscuits Pack,Snacks,27,213,562
2026-06-14,P008,Biscuits Pack,Snacks,27,213,535
2026-06-15,P008,Biscuits Pack,Snacks,16,213,519
2026-06-16,P008,Biscuits Pack,Snacks,16,213,503
2026-06-17,P008,Biscuits Pack,Snacks,18,213,485
2026-06-18,P008,Biscuits Pack,Snacks,18,213,467
2026-06-19,P008,Biscuits Pack,Snacks,19,213,448
2026-06-20,P008,Biscuits Pack,Snacks,23,213,425
2026-06-21,P008,Biscuits Pack,Snacks,20,213,405
2026-06-22,P008,Biscuits Pack,Snacks,16,213,389
2026-06-23,P008,Biscuits Pack,Snacks,21,213,368
2026-06-24,P008,Biscuits Pack,Snacks,20,213,348
2026-06-25,P008,Biscuits Pack,Snacks,17,213,331
2026-06-26,P008,Biscuits Pack,Snacks,22,213,309
2026-06-27,P008,Biscuits Pack,Snacks,17,213,292
2026-06-28,P008,Biscuits Pack,Snacks,20,213,272
2026-06-29,P008,Biscuits Pack,Snacks,13,213,259
2026-06-30,P008,Biscuits Pack,Snacks,10,213,249
2026-07-01,P008,Biscuits Pack,Snacks,14,213,235
2026-07-02,P008,Biscuits Pack,Snacks,20,213,215
2026-07-03,P008,Biscuits Pack,Snacks,22,213,193
2026-07-04,P008,Biscuits Pack,Snacks,14,213,179
2026-07-05,P008,Biscuits Pack,Snacks,24,213,155
2026-07-06,P008,Biscuits Pack,Snacks,17,213,138
2026-07-07,P008,Biscuits Pack,Snacks,16,213,122
2026-07-08,P008,Biscuits Pack,Snacks,13,213,109
2026-07-09,P008,Biscuits Pack,Snacks,21,213,595
2026-07-10,P008,Biscuits Pack,Snacks,19,213,576
2026-07-11,P008,Biscuits Pack,Snacks,17,213,559
2026-07-12,P008,Biscuits Pack,Snacks,24,213,535
2026-07-13,P008,Biscuits Pack,Snacks,23,213,512
2026-07-14,P008,Biscuits Pack,Snacks,21,213,491
2026-07-15,P008,Biscuits Pack,Snacks,11,213,480
2026-07-16,P008,Biscuits Pack,Snacks,21,213,459
2026-07-17,P008,Biscuits Pack,Snacks,13,213,446
2026-07-18,P008,Biscuits Pack,Snacks,23,213,423
2026-07-19,P008,Biscuits Pack,Snacks,13,213,410
2026-07-20,P008,Biscuits Pack,Snacks,24,213,386
2026-07-21,P008,Biscuits Pack,Snacks,19,213,367
2026-07-22,P008,Biscuits Pack,Snacks,17,213,350
2026-07-23,P008,Biscuits Pack,Snacks,21,213,329
2026-07-24,P008,Biscuits Pack,Snacks,15,213,314
2026-07-25,P008,Biscuits Pack,Snacks,17,213,297
2026-07-26,P008,Biscuits Pack,Snacks,26,213,271
2026-07-27,P008,Biscuits Pack,Snacks,13,213,258
2026-07-28,P008,Biscuits Pack,Snacks,15,213,243
2026-07-29,P008,Biscuits Pack,Snacks,17,213,226
2026-07-30,P008,Biscuits Pack,Snacks,19,213,207
2026-07-31,P008,Biscuits Pack,Snacks,16,213,191
2026-08-01,P008,Biscuits Pack,Snacks,23,213,168
2026-08-02,P008,Biscuits Pack,Snacks,22,213,146
2026-08-03,P008,Biscuits Pack,Snacks,13,213,133
2026-08-04,P008,Biscuits Pack,Snacks,25,213,108
2026-08-05,P008,Biscuits Pack,Snacks,18,213,597
2026-08-06,P008,Biscuits Pack,Snacks,16,213,581
2026-08-07,P008,Biscuits Pack,Snacks,16,213,565
2026-08-08,P008,Biscuits Pack,Snacks,19,213,546
2026-08-09,P008,Biscuits Pack,Snacks,24,213,522
2026-08-10,P008,Biscuits Pack,Snacks,13,213,509
2026-08-11,P008,Biscuits Pack,Snacks,16,213,493
2026-08-12,P008,Biscuits Pack,Snacks,12,213,481
2026-08-13,P008,Biscuits Pack,Snacks,18,213,463
2026-08-14,P008,Biscuits Pack,Snacks,14,213,449
2026-08-15,P008,Biscuits Pack,Snacks,23,213,426
2026-08-16,P008,Biscuits Pack,Snacks,23,213,403
2026-08-17,P008,Biscuits Pack,Snacks,16,213,387
2026-08-18,P008,Biscuits Pack,Snacks,16,213,371
2026-08-19,P008,Biscuits Pack,Snacks,16,213,355
2026-08-20,P008,Biscuits Pack,Snacks,20,213,335
2026-08-21,P008,Biscuits Pack,Snacks,21,213,314
2026-08-22,P008,Biscuits Pack,Snacks,25,213,289
2026-08-23,P008,Biscuits Pack,Snacks,22,213,267
2026-08-24,P008,Biscuits Pack,Snacks,9,213,258
2026-08-25,P008,Biscuits Pack,Snacks,10,213,248
2026-08-26,P008,Biscuits Pack,Snacks,18,213,230
2026-08-27,P008,Biscuits Pack,Snacks,16,213,214
2026-08-28,P008,Biscuits Pack,Snacks,16,213,198
2026-08-29,P008,Biscuits Pack,Snacks,20,213,178
2026-08-30,P008,Biscuits Pack,Snacks,29,213,149
2026-08-31,P008,Biscuits Pack,Snacks,15,213,134
2026-09-01,P008,Biscuits Pack,Snacks,21,213,113
2026-09-02,P008,Biscuits Pack,Snacks,21,213,599
2026-09-03,P008,Biscuits Pack,Snacks,15,213,584
2026-09-04,P008,Biscuits Pack,Snacks,17,213,567
2026-09-05,P008,Biscuits Pack,Snacks,20,213,547
2026-09-06,P008,Biscuits Pack,Snacks,19,213,528
2026-09-07,P008,Biscuits Pack,Snacks,15,213,513
2026-09-08,P008,Biscuits Pack,Snacks,18,213,495
2026-09-09,P008,Biscuits Pack,Snacks,19,213,476
2026-09-10,P008,Biscuits Pack,Snacks,16,213,460
2026-09-11,P008,Biscuits Pack,Snacks,15,213,445
2026-09-12,P008,Biscuits Pack,Snacks,24,213,421
2026-09-13,P008,Biscuits Pack,Snacks,23,213,398
2026-09-14,P008,Biscuits Pack,Snacks,20,213,378
2026-09-15,P008,Biscuits Pack,Snacks,18,213,360
2026-09-16,P008,Biscuits Pack,Snacks,16,213,344
2026-09-17,P008,Biscuits Pack,Snacks,17,213,327
2026-09-18,P008,Biscuits Pack,Snacks,16,213,311
2026-09-19,P008,Biscuits Pack,Snacks,16,213,295
2026-09-20,P008,Biscuits Pack,Snacks,19,213,276
2026-09-21,P008,Biscuits Pack,Snacks,17,213,259
2026-09-22,P008,Biscuits Pack,Snacks,19,213,240
2026-09-23,P008,Biscuits Pack,Snacks,17,213,223
2026-09-24,P008,Biscuits Pack,Snacks,18,213,205
2026-09-25,P008,Biscuits Pack,Snacks,18,213,187
2026-09-26,P008,Biscuits Pack,Snacks,21,213,166
2026-09-27,P008,Biscuits Pack,Snacks,20,213,146
2026-04-01,P009,Chips Large,Snacks,18,356,365
2026-04-02,P009,Chips Large,Snacks,16,356,349
2026-04-03,P009,Chips Large,Snacks,12,356,337
2026-04-04,P009,Chips Large,Snacks,22,356,315
2026-04-05,P009,Chips Large,Snacks,14,356,301
2026-04-06,P009,Chips Large,Snacks,12,356,289
2026-04-07,P009,Chips Large,Snacks,12,356,277
2026-04-08,P009,Chips Large,Snacks,12,356,265
2026-04-09,P009,Chips Large,Snacks,9,356,256
2026-04-10,P009,Chips Large,Snacks,16,356,240
2026-04-11,P009,Chips Large,Snacks,19,356,221
2026-04-12,P009,Chips Large,Snacks,21,356,200
2026-04-13,P009,Chips Large,Snacks,17,356,183
2026-04-14,P009,Chips Large,Snacks,15,356,168
2026-04-15,P009,Chips Large,Snacks,12,356,156
2026-04-16,P009,Chips Large,Snacks,17,356,139
2026-04-17,P009,Chips Large,Snacks,8,356,131
2026-04-18,P009,Chips Large,Snacks,18,356,113
2026-04-19,P009,Chips Large,Snacks,18,356,95
2026-04-20,P009,Chips Large,Snacks,17,356,538
2026-04-21,P009,Chips Large,Snacks,17,356,521
2026-04-22,P009,Chips Large,Snacks,8,356,513
2026-04-23,P009,Chips Large,Snacks,11,356,502
2026-04-24,P009,Chips Large,Snacks,22,356,480
2026-04-25,P009,Chips Large,Snacks,17,356,463
2026-04-26,P009,Chips Large,Snacks,22,356,441
2026-04-27,P009,Chips Large,Snacks,15,356,426
2026-04-28,P009,Chips Large,Snacks,18,356,408
2026-04-29,P009,Chips Large,Snacks,18,356,390
2026-04-30,P009,Chips Large,Snacks,17,356,373
2026-05-01,P009,Chips Large,Snacks,13,356,360
2026-05-02,P009,Chips Large,Snacks,16,356,344
2026-05-03,P009,Chips Large,Snacks,18,356,326
2026-05-04,P009,Chips Large,Snacks,13,356,313
2026-05-05,P009,Chips Large,Snacks,12,356,301
2026-05-06,P009,Chips Large,Snacks,16,356,285
2026-05-07,P009,Chips Large,Snacks,17,356,268
2026-05-08,P009,Chips Large,Snacks,21,356,247
2026-05-09,P009,Chips Large,Snacks,11,356,236
2026-05-10,P009,Chips Large,Snacks,22,356,214
2026-05-11,P009,Chips Large,Snacks,16,356,198
2026-05-12,P009,Chips Large,Snacks,14,356,184
2026-05-13,P009,Chips Large,Snacks,18,356,166
2026-05-14,P009,Chips Large,Snacks,10,356,156
2026-05-15,P009,Chips Large,Snacks,18,356,138
2026-05-16,P009,Chips Large,Snacks,16,356,122
2026-05-17,P009,Chips Large,Snacks,17,356,105
2026-05-18,P009,Chips Large,Snacks,14,356,551
2026-05-19,P009,Chips Large,Snacks,16,356,535
2026-05-20,P009,Chips Large,Snacks,9,356,526
2026-05-21,P009,Chips Large,Snacks,16,356,510
2026-05-22,P009,Chips Large,Snacks,16,356,494
2026-05-23,P009,Chips Large,Snacks,23,356,471
2026-05-24,P009,Chips Large,Snacks,20,356,451
2026-05-25,P009,Chips Large,Snacks,20,356,431
2026-05-26,P009,Chips Large,Snacks,19,356,412
2026-05-27,P009,Chips Large,Snacks,12,356,400
2026-05-28,P009,Chips Large,Snacks,13,356,387
2026-05-29,P009,Chips Large,Snacks,16,356,371
2026-05-30,P009,Chips Large,Snacks,13,356,358
2026-05-31,P009,Chips Large,Snacks,26,356,332
2026-06-01,P009,Chips Large,Snacks,18,356,314
2026-06-02,P009,Chips Large,Snacks,20,356,294
2026-06-03,P009,Chips Large,Snacks,16,356,278
2026-06-04,P009,Chips Large,Snacks,21,356,257
2026-06-05,P009,Chips Large,Snacks,19,356,238
2026-06-06,P009,Chips Large,Snacks,18,356,220
2026-06-07,P009,Chips Large,Snacks,17,356,203
2026-06-08,P009,Chips Large,Snacks,9,356,194
2026-06-09,P009,Chips Large,Snacks,16,356,178
2026-06-10,P009,Chips Large,Snacks,12,356,166
2026-06-11,P009,Chips Large,Snacks,11,356,155
2026-06-12,P009,Chips Large,Snacks,17,356,138
2026-06-13,P009,Chips Large,Snacks,12,356,126
2026-06-14,P009,Chips Large,Snacks,18,356,108
2026-06-15,P009,Chips Large,Snacks,15,356,93
2026-06-16,P009,Chips Large,Snacks,14,356,539
2026-06-17,P009,Chips Large,Snacks,10,356,529
2026-06-18,P009,Chips Large,Snacks,20,356,509
2026-06-19,P009,Chips Large,Snacks,16,356,493
2026-06-20,P009,Chips Large,Snacks,14,356,479
2026-06-21,P009,Chips Large,Snacks,16,356,463
2026-06-22,P009,Chips Large,Snacks,14,356,449
2026-06-23,P009,Chips Large,Snacks,14,356,435
2026-06-24,P009,Chips Large,Snacks,17,356,418
2026-06-25,P009,Chips Large,Snacks,13,356,405
2026-06-26,P009,Chips Large,Snacks,19,356,386
2026-06-27,P009,Chips Large,Snacks,23,356,363
2026-06-28,P009,Chips Large,Snacks,21,356,342
2026-06-29,P009,Chips Large,Snacks,18,356,324
2026-06-30,P009,Chips Large,Snacks,11,356,313
2026-07-01,P009,Chips Large,Snacks,15,356,298
2026-07-02,P009,Chips Large,Snacks,17,356,281
2026-07-03,P009,Chips Large,Snacks,15,356,266
2026-07-04,P009,Chips Large,Snacks,15,356,251
2026-07-05,P009,Chips Large,Snacks,17,356,234
2026-07-06,P009,Chips Large,Snacks,16,356,218
2026-07-07,P009,Chips Large,Snacks,12,356,206
2026-07-08,P009,Chips Large,Snacks,17,356,189
2026-07-09,P009,Chips Large,Snacks,13,356,176
2026-07-10,P009,Chips Large,Snacks,25,356,151
2026-07-11,P009,Chips Large,Snacks,22,356,129
2026-07-12,P009,Chips Large,Snacks,18,356,111
2026-07-13,P009,Chips Large,Snacks,12,356,99
2026-07-14,P009,Chips Large,Snacks,14,356,545
2026-07-15,P009,Chips Large,Snacks,13,356,532
2026-07-16,P009,Chips Large,Snacks,20,356,512
2026-07-17,P009,Chips Large,Snacks,15,356,497
2026-07-18,P009,Chips Large,Snacks,13,356,484
2026-07-19,P009,Chips Large,Snacks,17,356,467
2026-07-20,P009,Chips Large,Snacks,10,356,457
2026-07-21,P009,Chips Large,Snacks,18,356,439
2026-07-22,P009,Chips Large,Snacks,14,356,425
2026-07-23,P009,Chips Large,Snacks,19,356,406
2026-07-24,P009,Chips Large,Snacks,20,356,386
2026-07-25,P009,Chips Large,Snacks,17,356,369
2026-07-26,P009,Chips Large,Snacks,22,356,347
2026-07-27,P009,Chips Large,Snacks,16,356,331
2026-07-28,P009,Chips Large,Snacks,19,356,312
2026-07-29,P009,Chips Large,Snacks,11,356,301
2026-07-30,P009,Chips Large,Snacks,16,356,285
2026-07-31,P009,Chips Large,Snacks,16,356,269
2026-08-01,P009,Chips Large,Snacks,27,356,242
2026-08-02,P009,Chips Large,Snacks,22,356,220
2026-08-03,P009,Chips Large,Snacks,16,356,204
2026-08-04,P009,Chips Large,Snacks,15,356,189
2026-08-05,P009,Chips Large,Snacks,18,356,171
2026-08-06,P009,Chips Large,Snacks,14,356,157
2026-08-07,P009,Chips Large,Snacks,22,356,135
2026-08-08,P009,Chips Large,Snacks,16,356,119
2026-08-09,P009,Chips Large,Snacks,22,356,97
2026-08-10,P009,Chips Large,Snacks,8,356,549
2026-08-11,P009,Chips Large,Snacks,12,356,537
2026-08-12,P009,Chips Large,Snacks,11,356,526
2026-08-13,P009,Chips Large,Snacks,16,356,510
2026-08-14,P009,Chips Large,Snacks,16,356,494
2026-08-15,P009,Chips Large,Snacks,22,356,472
2026-08-16,P009,Chips Large,Snacks,17,356,455
2026-08-17,P009,Chips Large,Snacks,17,356,438
2026-08-18,P009,Chips Large,Snacks,16,356,422
2026-08-19,P009,Chips Large,Snacks,11,356,411
2026-08-20,P009,Chips Large,Snacks,15,356,396
2026-08-21,P009,Chips Large,Snacks,17,356,379
2026-08-22,P009,Chips Large,Snacks,24,356,355
2026-08-23,P009,Chips Large,Snacks,22,356,333
2026-08-24,P009,Chips Large,Snacks,12,356,321
2026-08-25,P009,Chips Large,Snacks,12,356,309
2026-08-26,P009,Chips Large,Snacks,16,356,293
2026-08-27,P009,Chips Large,Snacks,17,356,276
2026-08-28,P009,Chips Large,Snacks,13,356,263
2026-08-29,P009,Chips Large,Snacks,15,356,248
2026-08-30,P009,Chips Large,Snacks,21,356,227
2026-08-31,P009,Chips Large,Snacks,14,356,213
2026-09-01,P009,Chips Large,Snacks,15,356,198
2026-09-02,P009,Chips Large,Snacks,16,356,182
2026-09-03,P009,Chips Large,Snacks,21,356,161
2026-09-04,P009,Chips Large,Snacks,19,356,142
2026-09-05,P009,Chips Large,Snacks,20,356,122
2026-09-06,P009,Chips Large,Snacks,25,356,97
2026-09-07,P009,Chips Large,Snacks,16,356,541
2026-09-08,P009,Chips Large,Snacks,15,356,526
2026-09-09,P009,Chips Large,Snacks,18,356,508
2026-09-10,P009,Chips Large,Snacks,16,356,492
2026-09-11,P009,Chips Large,Snacks,16,356,476
2026-09-12,P009,Chips Large,Snacks,17,356,459
2026-09-13,P009,Chips Large,Snacks,26,356,433
2026-09-14,P009,Chips Large,Snacks,18,356,415
2026-09-15,P009,Chips Large,Snacks,14,356,401
2026-09-16,P009,Chips Large,Snacks,17,356,384
2026-09-17,P009,Chips Large,Snacks,18,356,366
2026-09-18,P009,Chips Large,Snacks,11,356,355
2026-09-19,P009,Chips Large,Snacks,27,356,328
2026-09-20,P009,Chips Large,Snacks,23,356,305
2026-09-21,P009,Chips Large,Snacks,16,356,289
2026-09-22,P009,Chips Large,Snacks,14,356,275
2026-09-23,P009,Chips Large,Snacks,20,356,255
2026-09-24,P009,Chips Large,Snacks,18,356,237
2026-09-25,P009,Chips Large,Snacks,22,356,215
2026-09-26,P009,Chips Large,Snacks,19,356,196
2026-09-27,P009,Chips Large,Snacks,25,356,171
2026-04-01,P010,Chocolate Bar,Snacks,8,296,233
2026-04-02,P010,Chocolate Bar,Snacks,8,296,225
2026-04-03,P010,Chocolate Bar,Snacks,14,296,211
2026-04-04,P010,Chocolate Bar,Snacks,12,296,199
2026-04-05,P010,Chocolate Bar,Snacks,17,296,182
2026-04-06,P010,Chocolate Bar,Snacks,8,296,174
2026-04-07,P010,Chocolate Bar,Snacks,7,296,167
2026-04-08,P010,Chocolate Bar,Snacks,12,296,155
2026-04-09,P010,Chocolate Bar,Snacks,10,296,145
2026-04-10,P010,Chocolate Bar,Snacks,6,296,139
2026-04-11,P010,Chocolate Bar,Snacks,9,296,130
2026-04-12,P010,Chocolate Bar,Snacks,17,296,113
2026-04-13,P010,Chocolate Bar,Snacks,8,296,105
2026-04-14,P010,Chocolate Bar,Snacks,13,296,92
2026-04-15,P010,Chocolate Bar,Snacks,8,296,84
2026-04-16,P010,Chocolate Bar,Snacks,7,296,77
2026-04-17,P010,Chocolate Bar,Snacks,10,296,67
2026-04-18,P010,Chocolate Bar,Snacks,12,296,344
2026-04-19,P010,Chocolate Bar,Snacks,9,296,335
2026-04-20,P010,Chocolate Bar,Snacks,10,296,325
2026-04-21,P010,Chocolate Bar,Snacks,6,296,319
2026-04-22,P010,Chocolate Bar,Snacks,12,296,307
2026-04-23,P010,Chocolate Bar,Snacks,6,296,301
2026-04-24,P010,Chocolate Bar,Snacks,11,296,290
2026-04-25,P010,Chocolate Bar,Snacks,8,296,282
2026-04-26,P010,Chocolate Bar,Snacks,12,296,270
2026-04-27,P010,Chocolate Bar,Snacks,13,296,257
2026-04-28,P010,Chocolate Bar,Snacks,6,296,251
2026-04-29,P010,Chocolate Bar,Snacks,6,296,245
2026-04-30,P010,Chocolate Bar,Snacks,13,296,232
2026-05-01,P010,Chocolate Bar,Snacks,5,296,227
2026-05-02,P010,Chocolate Bar,Snacks,10,296,217
2026-05-03,P010,Chocolate Bar,Snacks,18,296,199
2026-05-04,P010,Chocolate Bar,Snacks,10,296,189
2026-05-05,P010,Chocolate Bar,Snacks,5,296,184
2026-05-06,P010,Chocolate Bar,Snacks,11,296,173
2026-05-07,P010,Chocolate Bar,Snacks,18,296,155
2026-05-08,P010,Chocolate Bar,Snacks,13,296,142
2026-05-09,P010,Chocolate Bar,Snacks,11,296,131
2026-05-10,P010,Chocolate Bar,Snacks,19,296,112
2026-05-11,P010,Chocolate Bar,Snacks,7,296,105
2026-05-12,P010,Chocolate Bar,Snacks,10,296,95
2026-05-13,P010,Chocolate Bar,Snacks,8,296,87
2026-05-14,P010,Chocolate Bar,Snacks,15,296,72
2026-05-15,P010,Chocolate Bar,Snacks,14,296,58
2026-05-16,P010,Chocolate Bar,Snacks,14,296,333
2026-05-17,P010,Chocolate Bar,Snacks,11,296,322
2026-05-18,P010,Chocolate Bar,Snacks,9,296,313
2026-05-19,P010,Chocolate Bar,Snacks,12,296,301
2026-05-20,P010,Chocolate Bar,Snacks,8,296,293
2026-05-21,P010,Chocolate Bar,Snacks,9,296,284
2026-05-22,P010,Chocolate Bar,Snacks,13,296,271
2026-05-23,P010,Chocolate Bar,Snacks,14,296,257
2026-05-24,P010,Chocolate Bar,Snacks,16,296,241
2026-05-25,P010,Chocolate Bar,Snacks,7,296,234
2026-05-26,P010,Chocolate Bar,Snacks,7,296,227
2026-05-27,P010,Chocolate Bar,Snacks,8,296,219
2026-05-28,P010,Chocolate Bar,Snacks,12,296,207
2026-05-29,P010,Chocolate Bar,Snacks,11,296,196
2026-05-30,P010,Chocolate Bar,Snacks,14,296,182
2026-05-31,P010,Chocolate Bar,Snacks,13,296,169
2026-06-01,P010,Chocolate Bar,Snacks,12,296,157
2026-06-02,P010,Chocolate Bar,Snacks,10,296,147
2026-06-03,P010,Chocolate Bar,Snacks,8,296,139
2026-06-04,P010,Chocolate Bar,Snacks,11,296,128
2026-06-05,P010,Chocolate Bar,Snacks,8,296,120
2026-06-06,P010,Chocolate Bar,Snacks,8,296,112
2026-06-07,P010,Chocolate Bar,Snacks,14,296,98
2026-06-08,P010,Chocolate Bar,Snacks,4,296,94
2026-06-09,P010,Chocolate Bar,Snacks,8,296,86
2026-06-10,P010,Chocolate Bar,Snacks,9,296,77
2026-06-11,P010,Chocolate Bar,Snacks,13,296,64
2026-06-12,P010,Chocolate Bar,Snacks,13,296,340
2026-06-13,P010,Chocolate Bar,Snacks,13,296,327
2026-06-14,P010,Chocolate Bar,Snacks,8,296,319
2026-06-15,P010,Chocolate Bar,Snacks,5,296,314
2026-06-16,P010,Chocolate Bar,Snacks,7,296,307
2026-06-17,P010,Chocolate Bar,Snacks,12,296,295
2026-06-18,P010,Chocolate Bar,Snacks,10,296,285
2026-06-19,P010,Chocolate Bar,Snacks,8,296,277
2026-06-20,P010,Chocolate Bar,Snacks,17,296,260
2026-06-21,P010,Chocolate Bar,Snacks,11,296,249
2026-06-22,P010,Chocolate Bar,Snacks,13,296,236
2026-06-23,P010,Chocolate Bar,Snacks,7,296,229
2026-06-24,P010,Chocolate Bar,Snacks,10,296,219
2026-06-25,P010,Chocolate Bar,Snacks,11,296,208
2026-06-26,P010,Chocolate Bar,Snacks,7,296,201
2026-06-27,P010,Chocolate Bar,Snacks,17,296,184
2026-06-28,P010,Chocolate Bar,Snacks,12,296,172
2026-06-29,P010,Chocolate Bar,Snacks,18,296,154
2026-06-30,P010,Chocolate Bar,Snacks,10,296,144
2026-07-01,P010,Chocolate Bar,Snacks,8,296,136
2026-07-02,P010,Chocolate Bar,Snacks,10,296,126
2026-07-03,P010,Chocolate Bar,Snacks,5,296,121
2026-07-04,P010,Chocolate Bar,Snacks,16,296,105
2026-07-05,P010,Chocolate Bar,Snacks,12,296,93
2026-07-06,P010,Chocolate Bar,Snacks,9,296,84
2026-07-07,P010,Chocolate Bar,Snacks,12,296,72
2026-07-08,P010,Chocolate Bar,Snacks,15,296,346
2026-07-09,P010,Chocolate Bar,Snacks,9,296,337
2026-07-10,P010,Chocolate Bar,Snacks,12,296,325
2026-07-11,P010,Chocolate Bar,Snacks,13,296,312
2026-07-12,P010,Chocolate Bar,Snacks,9,296,303
2026-07-13,P010,Chocolate Bar,Snacks,14,296,289
2026-07-14,P010,Chocolate Bar,Snacks,10,296,279
2026-07-15,P010,Chocolate Bar,Snacks,9,296,270
2026-07-16,P010,Chocolate Bar,Snacks,13,296,257
2026-07-17,P010,Chocolate Bar,Snacks,10,296,247
2026-07-18,P010,Chocolate Bar,Snacks,14,296,233
2026-07-19,P010,Chocolate Bar,Snacks,9,296,224
2026-07-20,P010,Chocolate Bar,Snacks,13,296,211
2026-07-21,P010,Chocolate Bar,Snacks,5,296,206
2026-07-22,P010,Chocolate Bar,Snacks,15,296,191
2026-07-23,P010,Chocolate Bar,Snacks,12,296,179
2026-07-24,P010,Chocolate Bar,Snacks,9,296,170
2026-07-25,P010,Chocolate Bar,Snacks,20,296,150
2026-07-26,P010,Chocolate Bar,Snacks,11,296,139
2026-07-27,P010,Chocolate Bar,Snacks,4,296,135
2026-07-28,P010,Chocolate Bar,Snacks,10,296,125
2026-07-29,P010,Chocolate Bar,Snacks,9,296,116
2026-07-30,P010,Chocolate Bar,Snacks,11,296,105
2026-07-31,P010,Chocolate Bar,Snacks,12,296,93
2026-08-01,P010,Chocolate Bar,Snacks,17,296,76
2026-08-02,P010,Chocolate Bar,Snacks,16,296,60
2026-08-03,P010,Chocolate Bar,Snacks,12,296,337
2026-08-04,P010,Chocolate Bar,Snacks,11,296,326
2026-08-05,P010,Chocolate Bar,Snacks,10,296,316
2026-08-06,P010,Chocolate Bar,Snacks,12,296,304
2026-08-07,P010,Chocolate Bar,Snacks,16,296,288
2026-08-08,P010,Chocolate Bar,Snacks,10,296,278
2026-08-09,P010,Chocolate Bar,Snacks,10,296,268
2026-08-10,P010,Chocolate Bar,Snacks,5,296,263
2026-08-11,P010,Chocolate Bar,Snacks,13,296,250
2026-08-12,P010,Chocolate Bar,Snacks,9,296,241
2026-08-13,P010,Chocolate Bar,Snacks,17,296,224
2026-08-14,P010,Chocolate Bar,Snacks,7,296,217
2026-08-15,P010,Chocolate Bar,Snacks,16,296,201
2026-08-16,P010,Chocolate Bar,Snacks,19,296,182
2026-08-17,P010,Chocolate Bar,Snacks,11,296,171
2026-08-18,P010,Chocolate Bar,Snacks,7,296,164
2026-08-19,P010,Chocolate Bar,Snacks,13,296,151
2026-08-20,P010,Chocolate Bar,Snacks,10,296,141
2026-08-21,P010,Chocolate Bar,Snacks,8,296,133
2026-08-22,P010,Chocolate Bar,Snacks,10,296,123
2026-08-23,P010,Chocolate Bar,Snacks,15,296,108
2026-08-24,P010,Chocolate Bar,Snacks,15,296,93
2026-08-25,P010,Chocolate Bar,Snacks,13,296,80
2026-08-26,P010,Chocolate Bar,Snacks,5,296,75
2026-08-27,P010,Chocolate Bar,Snacks,9,296,66
2026-08-28,P010,Chocolate Bar,Snacks,8,296,58
2026-08-29,P010,Chocolate Bar,Snacks,11,296,336
2026-08-30,P010,Chocolate Bar,Snacks,15,296,321
2026-08-31,P010,Chocolate Bar,Snacks,6,296,315
2026-09-01,P010,Chocolate Bar,Snacks,9,296,306
2026-09-02,P010,Chocolate Bar,Snacks,8,296,298
2026-09-03,P010,Chocolate Bar,Snacks,7,296,291
2026-09-04,P010,Chocolate Bar,Snacks,11,296,280
2026-09-05,P010,Chocolate Bar,Snacks,9,296,271
2026-09-06,P010,Chocolate Bar,Snacks,12,296,259
2026-09-07,P010,Chocolate Bar,Snacks,11,296,248
2026-09-08,P010,Chocolate Bar,Snacks,13,296,235
2026-09-09,P010,Chocolate Bar,Snacks,7,296,228
2026-09-10,P010,Chocolate Bar,Snacks,6,296,222
2026-09-11,P010,Chocolate Bar,Snacks,7,296,215
2026-09-12,P010,Chocolate Bar,Snacks,14,296,201
2026-09-13,P010,Chocolate Bar,Snacks,15,296,186
2026-09-14,P010,Chocolate Bar,Snacks,2,296,184
2026-09-15,P010,Chocolate Bar,Snacks,10,296,174
2026-09-16,P010,Chocolate Bar,Snacks,9,296,165
2026-09-17,P010,Chocolate Bar,Snacks,8,296,157
2026-09-18,P010,Chocolate Bar,Snacks,11,296,146
2026-09-19,P010,Chocolate Bar,Snacks,8,296,138
2026-09-20,P010,Chocolate Bar,Snacks,7,296,131
2026-09-21,P010,Chocolate Bar,Snacks,12,296,119
2026-09-22,P010,Chocolate Bar,Snacks,12,296,107
2026-09-23,P010,Chocolate Bar,Snacks,12,296,95
2026-09-24,P010,Chocolate Bar,Snacks,13,296,82
2026-09-25,P010,Chocolate Bar,Snacks,16,296,66
2026-09-26,P010,Chocolate Bar,Snacks,13,296,342
2026-09-27,P010,Chocolate Bar,Snacks,6,296,336
2026-04-01,P011,Peanut Chikki,Snacks,14,213,268
2026-04-02,P011,Peanut Chikki,Snacks,13,213,255
2026-04-03,P011,Peanut Chikki,Snacks,7,213,248
2026-04-04,P011,Peanut Chikki,Snacks,15,213,233
2026-04-05,P011,Peanut Chikki,Snacks,15,213,218
2026-04-06,P011,Peanut Chikki,Snacks,12,213,206
2026-04-07,P011,Peanut Chikki,Snacks,7,213,199
2026-04-08,P011,Peanut Chikki,Snacks,12,213,187
2026-04-09,P011,Peanut Chikki,Snacks,8,213,179
2026-04-10,P011,Peanut Chikki,Snacks,19,213,160
2026-04-11,P011,Peanut Chikki,Snacks,10,213,150
2026-04-12,P011,Peanut Chikki,Snacks,13,213,137
2026-04-13,P011,Peanut Chikki,Snacks,12,213,125
2026-04-14,P011,Peanut Chikki,Snacks,11,213,114
2026-04-15,P011,Peanut Chikki,Snacks,10,213,104
2026-04-16,P011,Peanut Chikki,Snacks,13,213,91
2026-04-17,P011,Peanut Chikki,Snacks,16,213,75
2026-04-18,P011,Peanut Chikki,Snacks,17,213,397
2026-04-19,P011,Peanut Chikki,Snacks,12,213,385
2026-04-20,P011,Peanut Chikki,Snacks,13,213,372
2026-04-21,P011,Peanut Chikki,Snacks,11,213,361
2026-04-22,P011,Peanut Chikki,Snacks,18,213,343
2026-04-23,P011,Peanut Chikki,Snacks,7,213,336
2026-04-24,P011,Peanut Chikki,Snacks,12,213,324
2026-04-25,P011,Peanut Chikki,Snacks,11,213,313
2026-04-26,P011,Peanut Chikki,Snacks,9,213,304
2026-04-27,P011,Peanut Chikki,Snacks,9,213,295
2026-04-28,P011,Peanut Chikki,Snacks,8,213,287
2026-04-29,P011,Peanut Chikki,Snacks,16,213,271
2026-04-30,P011,Peanut Chikki,Snacks,10,213,261
2026-05-01,P011,Peanut Chikki,Snacks,8,213,253
2026-05-02,P011,Peanut Chikki,Snacks,18,213,235
2026-05-03,P011,Peanut Chikki,Snacks,11,213,224
2026-05-04,P011,Peanut Chikki,Snacks,11,213,213
2026-05-05,P011,Peanut Chikki,Snacks,10,213,203
2026-05-06,P011,Peanut Chikki,Snacks,9,213,194
2026-05-07,P011,Peanut Chikki,Snacks,14,213,180
2026-05-08,P011,Peanut Chikki,Snacks,14,213,166
2026-05-09,P011,Peanut Chikki,Snacks,12,213,154
2026-05-10,P011,Peanut Chikki,Snacks,14,213,140
2026-05-11,P011,Peanut Chikki,Snacks,20,213,120
2026-05-12,P011,Peanut Chikki,Snacks,10,213,110
2026-05-13,P011,Peanut Chikki,Snacks,9,213,101
2026-05-14,P011,Peanut Chikki,Snacks,19,213,82
2026-05-15,P011,Peanut Chikki,Snacks,18,213,403
2026-05-16,P011,Peanut Chikki,Snacks,9,213,394
2026-05-17,P011,Peanut Chikki,Snacks,17,213,377
2026-05-18,P011,Peanut Chikki,Snacks,13,213,364
2026-05-19,P011,Peanut Chikki,Snacks,14,213,350
2026-05-20,P011,Peanut Chikki,Snacks,7,213,343
2026-05-21,P011,Peanut Chikki,Snacks,11,213,332
2026-05-22,P011,Peanut Chikki,Snacks,21,213,311
2026-05-23,P011,Peanut Chikki,Snacks,13,213,298
2026-05-24,P011,Peanut Chikki,Snacks,16,213,282
2026-05-25,P011,Peanut Chikki,Snacks,12,213,270
2026-05-26,P011,Peanut Chikki,Snacks,10,213,260
2026-05-27,P011,Peanut Chikki,Snacks,12,213,248
2026-05-28,P011,Peanut Chikki,Snacks,7,213,241
2026-05-29,P011,Peanut Chikki,Snacks,12,213,229
2026-05-30,P011,Peanut Chikki,Snacks,13,213,216
2026-05-31,P011,Peanut Chikki,Snacks,6,213,210
2026-06-01,P011,Peanut Chikki,Snacks,5,213,205
2026-06-02,P011,Peanut Chikki,Snacks,17,213,188
2026-06-03,P011,Peanut Chikki,Snacks,13,213,175
2026-06-04,P011,Peanut Chikki,Snacks,12,213,163
2026-06-05,P011,Peanut Chikki,Snacks,15,213,148
2026-06-06,P011,Peanut Chikki,Snacks,17,213,131
2026-06-07,P011,Peanut Chikki,Snacks,27,213,104
2026-06-08,P011,Peanut Chikki,Snacks,10,213,94
2026-06-09,P011,Peanut Chikki,Snacks,8,213,86
2026-06-10,P011,Peanut Chikki,Snacks,10,213,76
2026-06-11,P011,Peanut Chikki,Snacks,8,213,68
2026-06-12,P011,Peanut Chikki,Snacks,1,213,406
2026-06-13,P011,Peanut Chikki,Snacks,17,213,389
2026-06-14,P011,Peanut Chikki,Snacks,15,213,374
2026-06-15,P011,Peanut Chikki,Snacks,15,213,359
2026-06-16,P011,Peanut Chikki,Snacks,10,213,349
2026-06-17,P011,Peanut Chikki,Snacks,15,213,334
2026-06-18,P011,Peanut Chikki,Snacks,11,213,323
2026-06-19,P011,Peanut Chikki,Snacks,11,213,312
2026-06-20,P011,Peanut Chikki,Snacks,18,213,294
2026-06-21,P011,Peanut Chikki,Snacks,8,213,286
2026-06-22,P011,Peanut Chikki,Snacks,17,213,269
2026-06-23,P011,Peanut Chikki,Snacks,16,213,253
2026-06-24,P011,Peanut Chikki,Snacks,12,213,241
2026-06-25,P011,Peanut Chikki,Snacks,3,213,238
2026-06-26,P011,Peanut Chikki,Snacks,7,213,231
2026-06-27,P011,Peanut Chikki,Snacks,15,213,216
2026-06-28,P011,Peanut Chikki,Snacks,7,213,209
2026-06-29,P011,Peanut Chikki,Snacks,10,213,199
2026-06-30,P011,Peanut Chikki,Snacks,17,213,182
2026-07-01,P011,Peanut Chikki,Snacks,17,213,165
2026-07-02,P011,Peanut Chikki,Snacks,14,213,151
2026-07-03,P011,Peanut Chikki,Snacks,12,213,139
2026-07-04,P011,Peanut Chikki,Snacks,15,213,124
2026-07-05,P011,Peanut Chikki,Snacks,12,213,112
2026-07-06,P011,Peanut Chikki,Snacks,9,213,103
2026-07-07,P011,Peanut Chikki,Snacks,13,213,90
2026-07-08,P011,Peanut Chikki,Snacks,7,213,83
2026-07-09,P011,Peanut Chikki,Snacks,13,213,70
2026-07-10,P011,Peanut Chikki,Snacks,10,213,799
2026-07-11,P011,Peanut Chikki,Snacks,12,213,787
2026-07-12,P011,Peanut Chikki,Snacks,10,213,777
2026-07-13,P011,Peanut Chikki,Snacks,6,213,771
2026-07-14,P011,Peanut Chikki,Snacks,15,213,756
2026-07-15,P011,Peanut Chikki,Snacks,10,213,746
2026-07-16,P011,Peanut Chikki,Snacks,12,213,734
2026-07-17,P011,Peanut Chikki,Snacks,8,213,726
2026-07-18,P011,Peanut Chikki,Snacks,15,213,711
2026-07-19,P011,Peanut Chikki,Snacks,13,213,698
2026-07-20,P011,Peanut Chikki,Snacks,21,213,677
2026-07-21,P011,Peanut Chikki,Snacks,11,213,666
2026-07-22,P011,Peanut Chikki,Snacks,14,213,652
2026-07-23,P011,Peanut Chikki,Snacks,11,213,641
2026-07-24,P011,Peanut Chikki,Snacks,10,213,631
2026-07-25,P011,Peanut Chikki,Snacks,14,213,617
2026-07-26,P011,Peanut Chikki,Snacks,19,213,598
2026-07-27,P011,Peanut Chikki,Snacks,12,213,586
2026-07-28,P011,Peanut Chikki,Snacks,15,213,571
2026-07-29,P011,Peanut Chikki,Snacks,10,213,561
2026-07-30,P011,Peanut Chikki,Snacks,1,213,560
2026-07-31,P011,Peanut Chikki,Snacks,1,213,559
2026-08-01,P011,Peanut Chikki,Snacks,1,213,558
2026-08-02,P011,Peanut Chikki,Snacks,1,213,557
2026-08-03,P011,Peanut Chikki,Snacks,1,213,556
2026-08-04,P011,Peanut Chikki,Snacks,1,213,555
2026-08-05,P011,Peanut Chikki,Snacks,1,213,554
2026-08-06,P011,Peanut Chikki,Snacks,0,213,554
2026-08-07,P011,Peanut Chikki,Snacks,2,213,552
2026-08-08,P011,Peanut Chikki,Snacks,1,213,551
2026-08-09,P011,Peanut Chikki,Snacks,1,213,550
2026-08-10,P011,Peanut Chikki,Snacks,1,213,549
2026-08-11,P011,Peanut Chikki,Snacks,0,213,549
2026-08-12,P011,Peanut Chikki,Snacks,0,213,549
2026-08-13,P011,Peanut Chikki,Snacks,0,213,549
2026-08-14,P011,Peanut Chikki,Snacks,2,213,547
2026-08-15,P011,Peanut Chikki,Snacks,2,213,545
2026-08-16,P011,Peanut Chikki,Snacks,0,213,545
2026-08-17,P011,Peanut Chikki,Snacks,1,213,544
2026-08-18,P011,Peanut Chikki,Snacks,2,213,542
2026-08-19,P011,Peanut Chikki,Snacks,1,213,541
2026-08-20,P011,Peanut Chikki,Snacks,1,213,540
2026-08-21,P011,Peanut Chikki,Snacks,0,213,540
2026-08-22,P011,Peanut Chikki,Snacks,0,213,540
2026-08-23,P011,Peanut Chikki,Snacks,0,213,540
2026-08-24,P011,Peanut Chikki,Snacks,1,213,539
2026-08-25,P011,Peanut Chikki,Snacks,0,213,539
2026-08-26,P011,Peanut Chikki,Snacks,3,213,536
2026-08-27,P011,Peanut Chikki,Snacks,1,213,535
2026-08-28,P011,Peanut Chikki,Snacks,1,213,534
2026-08-29,P011,Peanut Chikki,Snacks,0,213,534
2026-08-30,P011,Peanut Chikki,Snacks,4,213,530
2026-08-31,P011,Peanut Chikki,Snacks,2,213,528
2026-09-01,P011,Peanut Chikki,Snacks,0,213,528
2026-09-02,P011,Peanut Chikki,Snacks,1,213,527
2026-09-03,P011,Peanut Chikki,Snacks,1,213,526
2026-09-04,P011,Peanut Chikki,Snacks,1,213,525
2026-09-05,P011,Peanut Chikki,Snacks,0,213,525
2026-09-06,P011,Peanut Chikki,Snacks,1,213,524
2026-09-07,P011,Peanut Chikki,Snacks,2,213,522
2026-09-08,P011,Peanut Chikki,Snacks,0,213,522
2026-09-09,P011,Peanut Chikki,Snacks,2,213,520
2026-09-10,P011,Peanut Chikki,Snacks,0,213,520
2026-09-11,P011,Peanut Chikki,Snacks,2,213,518
2026-09-12,P011,Peanut Chikki,Snacks,0,213,518
2026-09-13,P011,Peanut Chikki,Snacks,0,213,518
2026-09-14,P011,Peanut Chikki,Snacks,0,213,518
2026-09-15,P011,Peanut Chikki,Snacks,4,213,514
2026-09-16,P011,Peanut Chikki,Snacks,1,213,513
2026-09-17,P011,Peanut Chikki,Snacks,0,213,513
2026-09-18,P011,Peanut Chikki,Snacks,1,213,512
2026-09-19,P011,Peanut Chikki,Snacks,4,213,508
2026-09-20,P011,Peanut Chikki,Snacks,0,213,508
2026-09-21,P011,Peanut Chikki,Snacks,3,213,505
2026-09-22,P011,Peanut Chikki,Snacks,0,213,505
2026-09-23,P011,Peanut Chikki,Snacks,0,213,505
2026-09-24,P011,Peanut Chikki,Snacks,3,213,502
2026-09-25,P011,Peanut Chikki,Snacks,1,213,501
2026-09-26,P011,Peanut Chikki,Snacks,0,213,501
2026-09-27,P011,Peanut Chikki,Snacks,0,213,501
2026-04-01,P012,Cold Drink 1.25L,Beverages,5,117,93
2026-04-02,P012,Cold Drink 1.25L,Beverages,5,117,88
2026-04-03,P012,Cold Drink 1.25L,Beverages,4,117,84
2026-04-04,P012,Cold Drink 1.25L,Beverages,8,117,76
2026-04-05,P012,Cold Drink 1.25L,Beverages,6,117,70
2026-04-06,P012,Cold Drink 1.25L,Beverages,6,117,64
2026-04-07,P012,Cold Drink 1.25L,Beverages,4,117,60
2026-04-08,P012,Cold Drink 1.25L,Beverages,4,117,56
2026-04-09,P012,Cold Drink 1.25L,Beverages,4,117,52
2026-04-10,P012,Cold Drink 1.25L,Beverages,4,117,48
2026-04-11,P012,Cold Drink 1.25L,Beverages,7,117,41
2026-04-12,P012,Cold Drink 1.25L,Beverages,6,117,35
2026-04-13,P012,Cold Drink 1.25L,Beverages,4,117,31
2026-04-14,P012,Cold Drink 1.25L,Beverages,2,117,29
2026-04-15,P012,Cold Drink 1.25L,Beverages,3,117,26
2026-04-16,P012,Cold Drink 1.25L,Beverages,6,117,138
2026-04-17,P012,Cold Drink 1.25L,Beverages,1,117,137
2026-04-18,P012,Cold Drink 1.25L,Beverages,0,117,137
2026-04-19,P012,Cold Drink 1.25L,Beverages,7,117,130
2026-04-20,P012,Cold Drink 1.25L,Beverages,7,117,123
2026-04-21,P012,Cold Drink 1.25L,Beverages,2,117,121
2026-04-22,P012,Cold Drink 1.25L,Beverages,6,117,115
2026-04-23,P012,Cold Drink 1.25L,Beverages,6,117,109
2026-04-24,P012,Cold Drink 1.25L,Beverages,3,117,106
2026-04-25,P012,Cold Drink 1.25L,Beverages,6,117,100
2026-04-26,P012,Cold Drink 1.25L,Beverages,3,117,97
2026-04-27,P012,Cold Drink 1.25L,Beverages,6,117,91
2026-04-28,P012,Cold Drink 1.25L,Beverages,9,117,82
2026-04-29,P012,Cold Drink 1.25L,Beverages,4,117,78
2026-04-30,P012,Cold Drink 1.25L,Beverages,6,117,72
2026-05-01,P012,Cold Drink 1.25L,Beverages,2,117,70
2026-05-02,P012,Cold Drink 1.25L,Beverages,5,117,65
2026-05-03,P012,Cold Drink 1.25L,Beverages,7,117,58
2026-05-04,P012,Cold Drink 1.25L,Beverages,4,117,54
2026-05-05,P012,Cold Drink 1.25L,Beverages,6,117,48
2026-05-06,P012,Cold Drink 1.25L,Beverages,4,117,44
2026-05-07,P012,Cold Drink 1.25L,Beverages,3,117,41
2026-05-08,P012,Cold Drink 1.25L,Beverages,4,117,37
2026-05-09,P012,Cold Drink 1.25L,Beverages,4,117,33
2026-05-10,P012,Cold Drink 1.25L,Beverages,4,117,29
2026-05-11,P012,Cold Drink 1.25L,Beverages,1,117,28
2026-05-12,P012,Cold Drink 1.25L,Beverages,7,117,139
2026-05-13,P012,Cold Drink 1.25L,Beverages,8,117,131
2026-05-14,P012,Cold Drink 1.25L,Beverages,4,117,127
2026-05-15,P012,Cold Drink 1.25L,Beverages,1,117,126
2026-05-16,P012,Cold Drink 1.25L,Beverages,6,117,120
2026-05-17,P012,Cold Drink 1.25L,Beverages,4,117,116
2026-05-18,P012,Cold Drink 1.25L,Beverages,4,117,112
2026-05-19,P012,Cold Drink 1.25L,Beverages,4,117,108
2026-05-20,P012,Cold Drink 1.25L,Beverages,2,117,106
2026-05-21,P012,Cold Drink 1.25L,Beverages,3,117,103
2026-05-22,P012,Cold Drink 1.25L,Beverages,2,117,101
2026-05-23,P012,Cold Drink 1.25L,Beverages,9,117,92
2026-05-24,P012,Cold Drink 1.25L,Beverages,9,117,83
2026-05-25,P012,Cold Drink 1.25L,Beverages,3,117,80
2026-05-26,P012,Cold Drink 1.25L,Beverages,1,117,79
2026-05-27,P012,Cold Drink 1.25L,Beverages,5,117,74
2026-05-28,P012,Cold Drink 1.25L,Beverages,3,117,71
2026-05-29,P012,Cold Drink 1.25L,Beverages,2,117,69
2026-05-30,P012,Cold Drink 1.25L,Beverages,5,117,64
2026-05-31,P012,Cold Drink 1.25L,Beverages,3,117,61
2026-06-01,P012,Cold Drink 1.25L,Beverages,2,117,59
2026-06-02,P012,Cold Drink 1.25L,Beverages,6,117,53
2026-06-03,P012,Cold Drink 1.25L,Beverages,2,117,51
2026-06-04,P012,Cold Drink 1.25L,Beverages,5,117,46
2026-06-05,P012,Cold Drink 1.25L,Beverages,5,117,41
2026-06-06,P012,Cold Drink 1.25L,Beverages,8,117,33
2026-06-07,P012,Cold Drink 1.25L,Beverages,2,117,31
2026-06-08,P012,Cold Drink 1.25L,Beverages,0,117,31
2026-06-09,P012,Cold Drink 1.25L,Beverages,3,117,28
2026-06-10,P012,Cold Drink 1.25L,Beverages,8,117,138
2026-06-11,P012,Cold Drink 1.25L,Beverages,5,117,133
2026-06-12,P012,Cold Drink 1.25L,Beverages,5,117,128
2026-06-13,P012,Cold Drink 1.25L,Beverages,6,117,122
2026-06-14,P012,Cold Drink 1.25L,Beverages,8,117,114
2026-06-15,P012,Cold Drink 1.25L,Beverages,6,117,108
2026-06-16,P012,Cold Drink 1.25L,Beverages,10,117,98
2026-06-17,P012,Cold Drink 1.25L,Beverages,5,117,93
2026-06-18,P012,Cold Drink 1.25L,Beverages,3,117,90
2026-06-19,P012,Cold Drink 1.25L,Beverages,3,117,87
2026-06-20,P012,Cold Drink 1.25L,Beverages,3,117,84
2026-06-21,P012,Cold Drink 1.25L,Beverages,4,117,80
2026-06-22,P012,Cold Drink 1.25L,Beverages,1,117,79
2026-06-23,P012,Cold Drink 1.25L,Beverages,3,117,76
2026-06-24,P012,Cold Drink 1.25L,Beverages,6,117,70
2026-06-25,P012,Cold Drink 1.25L,Beverages,2,117,68
2026-06-26,P012,Cold Drink 1.25L,Beverages,2,117,66
2026-06-27,P012,Cold Drink 1.25L,Beverages,1,117,65
2026-06-28,P012,Cold Drink 1.25L,Beverages,7,117,58
2026-06-29,P012,Cold Drink 1.25L,Beverages,5,117,53
2026-06-30,P012,Cold Drink 1.25L,Beverages,2,117,51
2026-07-01,P012,Cold Drink 1.25L,Beverages,4,117,47
2026-07-02,P012,Cold Drink 1.25L,Beverages,7,117,40
2026-07-03,P012,Cold Drink 1.25L,Beverages,3,117,37
2026-07-04,P012,Cold Drink 1.25L,Beverages,5,117,32
2026-07-05,P012,Cold Drink 1.25L,Beverages,4,117,28
2026-07-06,P012,Cold Drink 1.25L,Beverages,4,117,24
2026-07-07,P012,Cold Drink 1.25L,Beverages,5,117,137
2026-07-08,P012,Cold Drink 1.25L,Beverages,4,117,133
2026-07-09,P012,Cold Drink 1.25L,Beverages,5,117,128
2026-07-10,P012,Cold Drink 1.25L,Beverages,3,117,125
2026-07-11,P012,Cold Drink 1.25L,Beverages,1,117,124
2026-07-12,P012,Cold Drink 1.25L,Beverages,2,117,122
2026-07-13,P012,Cold Drink 1.25L,Beverages,0,117,122
2026-07-14,P012,Cold Drink 1.25L,Beverages,1,117,121
2026-07-15,P012,Cold Drink 1.25L,Beverages,2,117,119
2026-07-16,P012,Cold Drink 1.25L,Beverages,5,117,114
2026-07-17,P012,Cold Drink 1.25L,Beverages,5,117,109
2026-07-18,P012,Cold Drink 1.25L,Beverages,2,117,107
2026-07-19,P012,Cold Drink 1.25L,Beverages,0,117,107
2026-07-20,P012,Cold Drink 1.25L,Beverages,7,117,100
2026-07-21,P012,Cold Drink 1.25L,Beverages,5,117,95
2026-07-22,P012,Cold Drink 1.25L,Beverages,3,117,92
2026-07-23,P012,Cold Drink 1.25L,Beverages,5,117,87
2026-07-24,P012,Cold Drink 1.25L,Beverages,3,117,84
2026-07-25,P012,Cold Drink 1.25L,Beverages,3,117,81
2026-07-26,P012,Cold Drink 1.25L,Beverages,4,117,77
2026-07-27,P012,Cold Drink 1.25L,Beverages,4,117,73
2026-07-28,P012,Cold Drink 1.25L,Beverages,2,117,71
2026-07-29,P012,Cold Drink 1.25L,Beverages,3,117,68
2026-07-30,P012,Cold Drink 1.25L,Beverages,3,117,65
2026-07-31,P012,Cold Drink 1.25L,Beverages,4,117,61
2026-08-01,P012,Cold Drink 1.25L,Beverages,5,117,56
2026-08-02,P012,Cold Drink 1.25L,Beverages,6,117,50
2026-08-03,P012,Cold Drink 1.25L,Beverages,3,117,47
2026-08-04,P012,Cold Drink 1.25L,Beverages,8,117,39
2026-08-05,P012,Cold Drink 1.25L,Beverages,7,117,32
2026-08-06,P012,Cold Drink 1.25L,Beverages,3,117,29
2026-08-07,P012,Cold Drink 1.25L,Beverages,4,117,25
2026-08-08,P012,Cold Drink 1.25L,Beverages,4,117,139
2026-08-09,P012,Cold Drink 1.25L,Beverages,3,117,136
2026-08-10,P012,Cold Drink 1.25L,Beverages,4,117,132
2026-08-11,P012,Cold Drink 1.25L,Beverages,3,117,129
2026-08-12,P012,Cold Drink 1.25L,Beverages,6,117,123
2026-08-13,P012,Cold Drink 1.25L,Beverages,1,117,122
2026-08-14,P012,Cold Drink 1.25L,Beverages,4,117,118
2026-08-15,P012,Cold Drink 1.25L,Beverages,7,117,111
2026-08-16,P012,Cold Drink 1.25L,Beverages,5,117,106
2026-08-17,P012,Cold Drink 1.25L,Beverages,0,117,106
2026-08-18,P012,Cold Drink 1.25L,Beverages,4,117,102
2026-08-19,P012,Cold Drink 1.25L,Beverages,4,117,98
2026-08-20,P012,Cold Drink 1.25L,Beverages,3,117,95
2026-08-21,P012,Cold Drink 1.25L,Beverages,1,117,94
2026-08-22,P012,Cold Drink 1.25L,Beverages,9,117,85
2026-08-23,P012,Cold Drink 1.25L,Beverages,4,117,81
2026-08-24,P012,Cold Drink 1.25L,Beverages,4,117,77
2026-08-25,P012,Cold Drink 1.25L,Beverages,1,117,76
2026-08-26,P012,Cold Drink 1.25L,Beverages,2,117,74
2026-08-27,P012,Cold Drink 1.25L,Beverages,5,117,69
2026-08-28,P012,Cold Drink 1.25L,Beverages,2,117,67
2026-08-29,P012,Cold Drink 1.25L,Beverages,5,117,62
2026-08-30,P012,Cold Drink 1.25L,Beverages,5,117,57
2026-08-31,P012,Cold Drink 1.25L,Beverages,7,117,50
2026-09-01,P012,Cold Drink 1.25L,Beverages,4,117,46
2026-09-02,P012,Cold Drink 1.25L,Beverages,6,117,40
2026-09-03,P012,Cold Drink 1.25L,Beverages,2,117,38
2026-09-04,P012,Cold Drink 1.25L,Beverages,1,117,37
2026-09-05,P012,Cold Drink 1.25L,Beverages,3,117,34
2026-09-06,P012,Cold Drink 1.25L,Beverages,6,117,28
2026-09-07,P012,Cold Drink 1.25L,Beverages,5,117,141
2026-09-08,P012,Cold Drink 1.25L,Beverages,5,117,136
2026-09-09,P012,Cold Drink 1.25L,Beverages,5,117,131
2026-09-10,P012,Cold Drink 1.25L,Beverages,6,117,125
2026-09-11,P012,Cold Drink 1.25L,Beverages,3,117,122
2026-09-12,P012,Cold Drink 1.25L,Beverages,5,117,117
2026-09-13,P012,Cold Drink 1.25L,Beverages,9,117,108
2026-09-14,P012,Cold Drink 1.25L,Beverages,3,117,105
2026-09-15,P012,Cold Drink 1.25L,Beverages,1,117,104
2026-09-16,P012,Cold Drink 1.25L,Beverages,5,117,99
2026-09-17,P012,Cold Drink 1.25L,Beverages,2,117,97
2026-09-18,P012,Cold Drink 1.25L,Beverages,4,117,93
2026-09-19,P012,Cold Drink 1.25L,Beverages,11,117,82
2026-09-20,P012,Cold Drink 1.25L,Beverages,7,117,75
2026-09-21,P012,Cold Drink 1.25L,Beverages,7,117,68
2026-09-22,P012,Cold Drink 1.25L,Beverages,6,117,62
2026-09-23,P012,Cold Drink 1.25L,Beverages,10,117,52
2026-09-24,P012,Cold Drink 1.25L,Beverages,11,117,41
2026-09-25,P012,Cold Drink 1.25L,Beverages,10,117,31
2026-09-26,P012,Cold Drink 1.25L,Beverages,9,117,140
2026-09-27,P012,Cold Drink 1.25L,Beverages,4,117,136
2026-04-01,P013,Packaged Juice 1L,Beverages,13,389,298
2026-04-02,P013,Packaged Juice 1L,Beverages,9,389,289
2026-04-03,P013,Packaged Juice 1L,Beverages,20,389,269
2026-04-04,P013,Packaged Juice 1L,Beverages,13,389,256
2026-04-05,P013,Packaged Juice 1L,Beverages,17,389,239
2026-04-06,P013,Packaged Juice 1L,Beverages,14,389,225
2026-04-07,P013,Packaged Juice 1L,Beverages,12,389,213
2026-04-08,P013,Packaged Juice 1L,Beverages,15,389,198
2026-04-09,P013,Packaged Juice 1L,Beverages,13,389,185
2026-04-10,P013,Packaged Juice 1L,Beverages,10,389,175
2026-04-11,P013,Packaged Juice 1L,Beverages,18,389,157
2026-04-12,P013,Packaged Juice 1L,Beverages,18,389,139
2026-04-13,P013,Packaged Juice 1L,Beverages,14,389,125
2026-04-14,P013,Packaged Juice 1L,Beverages,15,389,110
2026-04-15,P013,Packaged Juice 1L,Beverages,15,389,95
2026-04-16,P013,Packaged Juice 1L,Beverages,6,389,89
2026-04-17,P013,Packaged Juice 1L,Beverages,13,389,76
2026-04-18,P013,Packaged Juice 1L,Beverages,14,389,436
2026-04-19,P013,Packaged Juice 1L,Beverages,19,389,417
2026-04-20,P013,Packaged Juice 1L,Beverages,16,389,401
2026-04-21,P013,Packaged Juice 1L,Beverages,11,389,390
2026-04-22,P013,Packaged Juice 1L,Beverages,10,389,380
2026-04-23,P013,Packaged Juice 1L,Beverages,9,389,371
2026-04-24,P013,Packaged Juice 1L,Beverages,10,389,361
2026-04-25,P013,Packaged Juice 1L,Beverages,7,389,354
2026-04-26,P013,Packaged Juice 1L,Beverages,22,389,332
2026-04-27,P013,Packaged Juice 1L,Beverages,15,389,317
2026-04-28,P013,Packaged Juice 1L,Beverages,18,389,299
2026-04-29,P013,Packaged Juice 1L,Beverages,11,389,288
2026-04-30,P013,Packaged Juice 1L,Beverages,6,389,282
2026-05-01,P013,Packaged Juice 1L,Beverages,10,389,272
2026-05-02,P013,Packaged Juice 1L,Beverages,15,389,257
2026-05-03,P013,Packaged Juice 1L,Beverages,19,389,238
2026-05-04,P013,Packaged Juice 1L,Beverages,14,389,224
2026-05-05,P013,Packaged Juice 1L,Beverages,9,389,215
2026-05-06,P013,Packaged Juice 1L,Beverages,15,389,200
2026-05-07,P013,Packaged Juice 1L,Beverages,14,389,186
2026-05-08,P013,Packaged Juice 1L,Beverages,9,389,177
2026-05-09,P013,Packaged Juice 1L,Beverages,16,389,161
2026-05-10,P013,Packaged Juice 1L,Beverages,13,389,148
2026-05-11,P013,Packaged Juice 1L,Beverages,17,389,131
2026-05-12,P013,Packaged Juice 1L,Beverages,15,389,116
2026-05-13,P013,Packaged Juice 1L,Beverages,10,389,106
2026-05-14,P013,Packaged Juice 1L,Beverages,14,389,92
2026-05-15,P013,Packaged Juice 1L,Beverages,17,389,75
2026-05-16,P013,Packaged Juice 1L,Beverages,16,389,433
2026-05-17,P013,Packaged Juice 1L,Beverages,18,389,415
2026-05-18,P013,Packaged Juice 1L,Beverages,11,389,404
2026-05-19,P013,Packaged Juice 1L,Beverages,16,389,388
2026-05-20,P013,Packaged Juice 1L,Beverages,9,389,379
2026-05-21,P013,Packaged Juice 1L,Beverages,9,389,370
2026-05-22,P013,Packaged Juice 1L,Beverages,9,389,361
2026-05-23,P013,Packaged Juice 1L,Beverages,14,389,347
2026-05-24,P013,Packaged Juice 1L,Beverages,14,389,333
2026-05-25,P013,Packaged Juice 1L,Beverages,13,389,320
2026-05-26,P013,Packaged Juice 1L,Beverages,10,389,310
2026-05-27,P013,Packaged Juice 1L,Beverages,11,389,299
2026-05-28,P013,Packaged Juice 1L,Beverages,13,389,286
2026-05-29,P013,Packaged Juice 1L,Beverages,11,389,275
2026-05-30,P013,Packaged Juice 1L,Beverages,13,389,262
2026-05-31,P013,Packaged Juice 1L,Beverages,16,389,246
2026-06-01,P013,Packaged Juice 1L,Beverages,12,389,234
2026-06-02,P013,Packaged Juice 1L,Beverages,12,389,222
2026-06-03,P013,Packaged Juice 1L,Beverages,14,389,208
2026-06-04,P013,Packaged Juice 1L,Beverages,16,389,192
2026-06-05,P013,Packaged Juice 1L,Beverages,9,389,183
2026-06-06,P013,Packaged Juice 1L,Beverages,9,389,174
2026-06-07,P013,Packaged Juice 1L,Beverages,19,389,155
2026-06-08,P013,Packaged Juice 1L,Beverages,9,389,146
2026-06-09,P013,Packaged Juice 1L,Beverages,7,389,139
2026-06-10,P013,Packaged Juice 1L,Beverages,13,389,126
2026-06-11,P013,Packaged Juice 1L,Beverages,13,389,113
2026-06-12,P013,Packaged Juice 1L,Beverages,14,389,99
2026-06-13,P013,Packaged Juice 1L,Beverages,19,389,80
2026-06-14,P013,Packaged Juice 1L,Beverages,17,389,437
2026-06-15,P013,Packaged Juice 1L,Beverages,8,389,429
2026-06-16,P013,Packaged Juice 1L,Beverages,13,389,416
2026-06-17,P013,Packaged Juice 1L,Beverages,14,389,402
2026-06-18,P013,Packaged Juice 1L,Beverages,5,389,397
2026-06-19,P013,Packaged Juice 1L,Beverages,19,389,378
2026-06-20,P013,Packaged Juice 1L,Beverages,16,389,362
2026-06-21,P013,Packaged Juice 1L,Beverages,12,389,350
2026-06-22,P013,Packaged Juice 1L,Beverages,14,389,336
2026-06-23,P013,Packaged Juice 1L,Beverages,12,389,324
2026-06-24,P013,Packaged Juice 1L,Beverages,8,389,316
2026-06-25,P013,Packaged Juice 1L,Beverages,12,389,304
2026-06-26,P013,Packaged Juice 1L,Beverages,8,389,296
2026-06-27,P013,Packaged Juice 1L,Beverages,15,389,281
2026-06-28,P013,Packaged Juice 1L,Beverages,17,389,264
2026-06-29,P013,Packaged Juice 1L,Beverages,12,389,252
2026-06-30,P013,Packaged Juice 1L,Beverages,10,389,242
2026-07-01,P013,Packaged Juice 1L,Beverages,18,389,224
2026-07-02,P013,Packaged Juice 1L,Beverages,10,389,214
2026-07-03,P013,Packaged Juice 1L,Beverages,13,389,201
2026-07-04,P013,Packaged Juice 1L,Beverages,20,389,181
2026-07-05,P013,Packaged Juice 1L,Beverages,6,389,175
2026-07-06,P013,Packaged Juice 1L,Beverages,12,389,163
2026-07-07,P013,Packaged Juice 1L,Beverages,16,389,147
2026-07-08,P013,Packaged Juice 1L,Beverages,11,389,136
2026-07-09,P013,Packaged Juice 1L,Beverages,13,389,123
2026-07-10,P013,Packaged Juice 1L,Beverages,11,389,112
2026-07-11,P013,Packaged Juice 1L,Beverages,14,389,98
2026-07-12,P013,Packaged Juice 1L,Beverages,15,389,83
2026-07-13,P013,Packaged Juice 1L,Beverages,9,389,448
2026-07-14,P013,Packaged Juice 1L,Beverages,11,389,437
2026-07-15,P013,Packaged Juice 1L,Beverages,12,389,425
2026-07-16,P013,Packaged Juice 1L,Beverages,24,389,401
2026-07-17,P013,Packaged Juice 1L,Beverages,16,389,385
2026-07-18,P013,Packaged Juice 1L,Beverages,13,389,372
2026-07-19,P013,Packaged Juice 1L,Beverages,10,389,362
2026-07-20,P013,Packaged Juice 1L,Beverages,10,389,352
2026-07-21,P013,Packaged Juice 1L,Beverages,20,389,332
2026-07-22,P013,Packaged Juice 1L,Beverages,11,389,321
2026-07-23,P013,Packaged Juice 1L,Beverages,14,389,307
2026-07-24,P013,Packaged Juice 1L,Beverages,11,389,296
2026-07-25,P013,Packaged Juice 1L,Beverages,11,389,285
2026-07-26,P013,Packaged Juice 1L,Beverages,19,389,266
2026-07-27,P013,Packaged Juice 1L,Beverages,13,389,253
2026-07-28,P013,Packaged Juice 1L,Beverages,13,389,240
2026-07-29,P013,Packaged Juice 1L,Beverages,8,389,232
2026-07-30,P013,Packaged Juice 1L,Beverages,18,389,214
2026-07-31,P013,Packaged Juice 1L,Beverages,18,389,196
2026-08-01,P013,Packaged Juice 1L,Beverages,21,389,175
2026-08-02,P013,Packaged Juice 1L,Beverages,10,389,165
2026-08-03,P013,Packaged Juice 1L,Beverages,15,389,150
2026-08-04,P013,Packaged Juice 1L,Beverages,11,389,139
2026-08-05,P013,Packaged Juice 1L,Beverages,8,389,131
2026-08-06,P013,Packaged Juice 1L,Beverages,19,389,112
2026-08-07,P013,Packaged Juice 1L,Beverages,13,389,99
2026-08-08,P013,Packaged Juice 1L,Beverages,16,389,83
2026-08-09,P013,Packaged Juice 1L,Beverages,23,389,434
2026-08-10,P013,Packaged Juice 1L,Beverages,19,389,415
2026-08-11,P013,Packaged Juice 1L,Beverages,11,389,404
2026-08-12,P013,Packaged Juice 1L,Beverages,11,389,393
2026-08-13,P013,Packaged Juice 1L,Beverages,16,389,377
2026-08-14,P013,Packaged Juice 1L,Beverages,14,389,363
2026-08-15,P013,Packaged Juice 1L,Beverages,16,389,347
2026-08-16,P013,Packaged Juice 1L,Beverages,15,389,332
2026-08-17,P013,Packaged Juice 1L,Beverages,16,389,316
2026-08-18,P013,Packaged Juice 1L,Beverages,16,389,300
2026-08-19,P013,Packaged Juice 1L,Beverages,10,389,290
2026-08-20,P013,Packaged Juice 1L,Beverages,16,389,274
2026-08-21,P013,Packaged Juice 1L,Beverages,13,389,261
2026-08-22,P013,Packaged Juice 1L,Beverages,15,389,246
2026-08-23,P013,Packaged Juice 1L,Beverages,10,389,236
2026-08-24,P013,Packaged Juice 1L,Beverages,6,389,230
2026-08-25,P013,Packaged Juice 1L,Beverages,14,389,216
2026-08-26,P013,Packaged Juice 1L,Beverages,16,389,200
2026-08-27,P013,Packaged Juice 1L,Beverages,9,389,191
2026-08-28,P013,Packaged Juice 1L,Beverages,15,389,176
2026-08-29,P013,Packaged Juice 1L,Beverages,15,389,161
2026-08-30,P013,Packaged Juice 1L,Beverages,14,389,147
2026-08-31,P013,Packaged Juice 1L,Beverages,20,389,127
2026-09-01,P013,Packaged Juice 1L,Beverages,9,389,118
2026-09-02,P013,Packaged Juice 1L,Beverages,17,389,101
2026-09-03,P013,Packaged Juice 1L,Beverages,13,389,88
2026-09-04,P013,Packaged Juice 1L,Beverages,10,389,78
2026-09-05,P013,Packaged Juice 1L,Beverages,25,389,427
2026-09-06,P013,Packaged Juice 1L,Beverages,15,389,412
2026-09-07,P013,Packaged Juice 1L,Beverages,18,389,394
2026-09-08,P013,Packaged Juice 1L,Beverages,12,389,382
2026-09-09,P013,Packaged Juice 1L,Beverages,9,389,373
2026-09-10,P013,Packaged Juice 1L,Beverages,17,389,356
2026-09-11,P013,Packaged Juice 1L,Beverages,8,389,348
2026-09-12,P013,Packaged Juice 1L,Beverages,17,389,331
2026-09-13,P013,Packaged Juice 1L,Beverages,16,389,315
2026-09-14,P013,Packaged Juice 1L,Beverages,14,389,301
2026-09-15,P013,Packaged Juice 1L,Beverages,12,389,289
2026-09-16,P013,Packaged Juice 1L,Beverages,10,389,279
2026-09-17,P013,Packaged Juice 1L,Beverages,15,389,264
2026-09-18,P013,Packaged Juice 1L,Beverages,16,389,248
2026-09-19,P013,Packaged Juice 1L,Beverages,14,389,234
2026-09-20,P013,Packaged Juice 1L,Beverages,18,389,216
2026-09-21,P013,Packaged Juice 1L,Beverages,12,389,204
2026-09-22,P013,Packaged Juice 1L,Beverages,8,389,196
2026-09-23,P013,Packaged Juice 1L,Beverages,9,389,187
2026-09-24,P013,Packaged Juice 1L,Beverages,10,389,177
2026-09-25,P013,Packaged Juice 1L,Beverages,9,389,168
2026-09-26,P013,Packaged Juice 1L,Beverages,12,389,156
2026-09-27,P013,Packaged Juice 1L,Beverages,13,389,143
2026-04-01,P014,Energy Drink,Beverages,23,375,336
2026-04-02,P014,Energy Drink,Beverages,14,375,322
2026-04-03,P014,Energy Drink,Beverages,8,375,314
2026-04-04,P014,Energy Drink,Beverages,18,375,296
2026-04-05,P014,Energy Drink,Beverages,21,375,275
2026-04-06,P014,Energy Drink,Beverages,19,375,256
2026-04-07,P014,Energy Drink,Beverages,7,375,249
2026-04-08,P014,Energy Drink,Beverages,18,375,231
2026-04-09,P014,Energy Drink,Beverages,14,375,217
2026-04-10,P014,Energy Drink,Beverages,18,375,199
2026-04-11,P014,Energy Drink,Beverages,13,375,186
2026-04-12,P014,Energy Drink,Beverages,13,375,173
2026-04-13,P014,Energy Drink,Beverages,16,375,157
2026-04-14,P014,Energy Drink,Beverages,19,375,138
2026-04-15,P014,Energy Drink,Beverages,14,375,124
2026-04-16,P014,Energy Drink,Beverages,16,375,108
2026-04-17,P014,Energy Drink,Beverages,14,375,94
2026-04-18,P014,Energy Drink,Beverages,13,375,512
2026-04-19,P014,Energy Drink,Beverages,21,375,491
2026-04-20,P014,Energy Drink,Beverages,15,375,476
2026-04-21,P014,Energy Drink,Beverages,11,375,465
2026-04-22,P014,Energy Drink,Beverages,13,375,452
2026-04-23,P014,Energy Drink,Beverages,17,375,435
2026-04-24,P014,Energy Drink,Beverages,22,375,413
2026-04-25,P014,Energy Drink,Beverages,22,375,391
2026-04-26,P014,Energy Drink,Beverages,18,375,373
2026-04-27,P014,Energy Drink,Beverages,13,375,360
2026-04-28,P014,Energy Drink,Beverages,12,375,348
2026-04-29,P014,Energy Drink,Beverages,16,375,332
2026-04-30,P014,Energy Drink,Beverages,16,375,316
2026-05-01,P014,Energy Drink,Beverages,19,375,297
2026-05-02,P014,Energy Drink,Beverages,13,375,284
2026-05-03,P014,Energy Drink,Beverages,14,375,270
2026-05-04,P014,Energy Drink,Beverages,16,375,254
2026-05-05,P014,Energy Drink,Beverages,11,375,243
2026-05-06,P014,Energy Drink,Beverages,13,375,230
2026-05-07,P014,Energy Drink,Beverages,10,375,220
2026-05-08,P014,Energy Drink,Beverages,20,375,200
2026-05-09,P014,Energy Drink,Beverages,21,375,179
2026-05-10,P014,Energy Drink,Beverages,17,375,162
2026-05-11,P014,Energy Drink,Beverages,11,375,151
2026-05-12,P014,Energy Drink,Beverages,17,375,134
2026-05-13,P014,Energy Drink,Beverages,10,375,124
2026-05-14,P014,Energy Drink,Beverages,10,375,114
2026-05-15,P014,Energy Drink,Beverages,9,375,105
2026-05-16,P014,Energy Drink,Beverages,19,375,517
2026-05-17,P014,Energy Drink,Beverages,19,375,498
2026-05-18,P014,Energy Drink,Beverages,12,375,486
2026-05-19,P014,Energy Drink,Beverages,13,375,473
2026-05-20,P014,Energy Drink,Beverages,12,375,461
2026-05-21,P014,Energy Drink,Beverages,9,375,452
2026-05-22,P014,Energy Drink,Beverages,17,375,435
2026-05-23,P014,Energy Drink,Beverages,15,375,420
2026-05-24,P014,Energy Drink,Beverages,28,375,392
2026-05-25,P014,Energy Drink,Beverages,10,375,382
2026-05-26,P014,Energy Drink,Beverages,12,375,370
2026-05-27,P014,Energy Drink,Beverages,17,375,353
2026-05-28,P014,Energy Drink,Beverages,16,375,337
2026-05-29,P014,Energy Drink,Beverages,17,375,320
2026-05-30,P014,Energy Drink,Beverages,15,375,305
2026-05-31,P014,Energy Drink,Beverages,16,375,289
2026-06-01,P014,Energy Drink,Beverages,12,375,277
2026-06-02,P014,Energy Drink,Beverages,9,375,268
2026-06-03,P014,Energy Drink,Beverages,18,375,250
2026-06-04,P014,Energy Drink,Beverages,11,375,239
2026-06-05,P014,Energy Drink,Beverages,17,375,222
2026-06-06,P014,Energy Drink,Beverages,22,375,200
2026-06-07,P014,Energy Drink,Beverages,17,375,183
2026-06-08,P014,Energy Drink,Beverages,16,375,167
2026-06-09,P014,Energy Drink,Beverages,20,375,147
2026-06-10,P014,Energy Drink,Beverages,16,375,131
2026-06-11,P014,Energy Drink,Beverages,16,375,115
2026-06-12,P014,Energy Drink,Beverages,13,375,102
2026-06-13,P014,Energy Drink,Beverages,15,375,87
2026-06-14,P014,Energy Drink,Beverages,18,375,500
2026-06-15,P014,Energy Drink,Beverages,4,375,496
2026-06-16,P014,Energy Drink,Beverages,14,375,482
2026-06-17,P014,Energy Drink,Beverages,18,375,464
2026-06-18,P014,Energy Drink,Beverages,11,375,453
2026-06-19,P014,Energy Drink,Beverages,12,375,441
2026-06-20,P014,Energy Drink,Beverages,12,375,429
2026-06-21,P014,Energy Drink,Beverages,24,375,405
2026-06-22,P014,Energy Drink,Beverages,15,375,390
2026-06-23,P014,Energy Drink,Beverages,13,375,377
2026-06-24,P014,Energy Drink,Beverages,12,375,365
2026-06-25,P014,Energy Drink,Beverages,19,375,346
2026-06-26,P014,Energy Drink,Beverages,12,375,334
2026-06-27,P014,Energy Drink,Beverages,13,375,321
2026-06-28,P014,Energy Drink,Beverages,17,375,304
2026-06-29,P014,Energy Drink,Beverages,11,375,293
2026-06-30,P014,Energy Drink,Beverages,16,375,277
2026-07-01,P014,Energy Drink,Beverages,17,375,260
2026-07-02,P014,Energy Drink,Beverages,16,375,244
2026-07-03,P014,Energy Drink,Beverages,13,375,231
2026-07-04,P014,Energy Drink,Beverages,22,375,209
2026-07-05,P014,Energy Drink,Beverages,18,375,191
2026-07-06,P014,Energy Drink,Beverages,17,375,174
2026-07-07,P014,Energy Drink,Beverages,12,375,162
2026-07-08,P014,Energy Drink,Beverages,20,375,142
2026-07-09,P014,Energy Drink,Beverages,11,375,131
2026-07-10,P014,Energy Drink,Beverages,17,375,114
2026-07-11,P014,Energy Drink,Beverages,16,375,98
2026-07-12,P014,Energy Drink,Beverages,22,375,507
2026-07-13,P014,Energy Drink,Beverages,13,375,494
2026-07-14,P014,Energy Drink,Beverages,14,375,480
2026-07-15,P014,Energy Drink,Beverages,14,375,466
2026-07-16,P014,Energy Drink,Beverages,13,375,453
2026-07-17,P014,Energy Drink,Beverages,13,375,440
2026-07-18,P014,Energy Drink,Beverages,27,375,413
2026-07-19,P014,Energy Drink,Beverages,14,375,399
2026-07-20,P014,Energy Drink,Beverages,24,375,375
2026-07-21,P014,Energy Drink,Beverages,15,375,360
2026-07-22,P014,Energy Drink,Beverages,15,375,345
2026-07-23,P014,Energy Drink,Beverages,15,375,330
2026-07-24,P014,Energy Drink,Beverages,21,375,309
2026-07-25,P014,Energy Drink,Beverages,19,375,290
2026-07-26,P014,Energy Drink,Beverages,17,375,273
2026-07-27,P014,Energy Drink,Beverages,15,375,258
2026-07-28,P014,Energy Drink,Beverages,12,375,246
2026-07-29,P014,Energy Drink,Beverages,10,375,236
2026-07-30,P014,Energy Drink,Beverages,17,375,219
2026-07-31,P014,Energy Drink,Beverages,16,375,203
2026-08-01,P014,Energy Drink,Beverages,19,375,184
2026-08-02,P014,Energy Drink,Beverages,16,375,168
2026-08-03,P014,Energy Drink,Beverages,18,375,150
2026-08-04,P014,Energy Drink,Beverages,17,375,133
2026-08-05,P014,Energy Drink,Beverages,18,375,115
2026-08-06,P014,Energy Drink,Beverages,12,375,103
2026-08-07,P014,Energy Drink,Beverages,15,375,88
2026-08-08,P014,Energy Drink,Beverages,20,375,499
2026-08-09,P014,Energy Drink,Beverages,18,375,481
2026-08-10,P014,Energy Drink,Beverages,9,375,472
2026-08-11,P014,Energy Drink,Beverages,14,375,458
2026-08-12,P014,Energy Drink,Beverages,11,375,447
2026-08-13,P014,Energy Drink,Beverages,13,375,434
2026-08-14,P014,Energy Drink,Beverages,15,375,419
2026-08-15,P014,Energy Drink,Beverages,19,375,400
2026-08-16,P014,Energy Drink,Beverages,29,375,371
2026-08-17,P014,Energy Drink,Beverages,17,375,354
2026-08-18,P014,Energy Drink,Beverages,16,375,338
2026-08-19,P014,Energy Drink,Beverages,20,375,318
2026-08-20,P014,Energy Drink,Beverages,13,375,305
2026-08-21,P014,Energy Drink,Beverages,9,375,296
2026-08-22,P014,Energy Drink,Beverages,24,375,272
2026-08-23,P014,Energy Drink,Beverages,15,375,257
2026-08-24,P014,Energy Drink,Beverages,11,375,246
2026-08-25,P014,Energy Drink,Beverages,22,375,224
2026-08-26,P014,Energy Drink,Beverages,13,375,211
2026-08-27,P014,Energy Drink,Beverages,11,375,200
2026-08-28,P014,Energy Drink,Beverages,11,375,189
2026-08-29,P014,Energy Drink,Beverages,24,375,165
2026-08-30,P014,Energy Drink,Beverages,17,375,148
2026-08-31,P014,Energy Drink,Beverages,24,375,124
2026-09-01,P014,Energy Drink,Beverages,19,375,105
2026-09-02,P014,Energy Drink,Beverages,23,375,513
2026-09-03,P014,Energy Drink,Beverages,8,375,505
2026-09-04,P014,Energy Drink,Beverages,11,375,494
2026-09-05,P014,Energy Drink,Beverages,20,375,474
2026-09-06,P014,Energy Drink,Beverages,14,375,460
2026-09-07,P014,Energy Drink,Beverages,17,375,443
2026-09-08,P014,Energy Drink,Beverages,19,375,424
2026-09-09,P014,Energy Drink,Beverages,15,375,409
2026-09-10,P014,Energy Drink,Beverages,16,375,393
2026-09-11,P014,Energy Drink,Beverages,10,375,383
2026-09-12,P014,Energy Drink,Beverages,23,375,360
2026-09-13,P014,Energy Drink,Beverages,20,375,340
2026-09-14,P014,Energy Drink,Beverages,6,375,334
2026-09-15,P014,Energy Drink,Beverages,5,375,329
2026-09-16,P014,Energy Drink,Beverages,6,375,323
2026-09-17,P014,Energy Drink,Beverages,4,375,319
2026-09-18,P014,Energy Drink,Beverages,7,375,312
2026-09-19,P014,Energy Drink,Beverages,6,375,306
2026-09-20,P014,Energy Drink,Beverages,3,375,303
2026-09-21,P014,Energy Drink,Beverages,3,375,300
2026-09-22,P014,Energy Drink,Beverages,3,375,297
2026-09-23,P014,Energy Drink,Beverages,5,375,292
2026-09-24,P014,Energy Drink,Beverages,4,375,288
2026-09-25,P014,Energy Drink,Beverages,8,375,280
2026-09-26,P014,Energy Drink,Beverages,5,375,275
2026-09-27,P014,Energy Drink,Beverages,6,375,269
2026-04-01,P015,Mineral Water 1L,Beverages,16,321,423
2026-04-02,P015,Mineral Water 1L,Beverages,12,321,411
2026-04-03,P015,Mineral Water 1L,Beverages,19,321,392
2026-04-04,P015,Mineral Water 1L,Beverages,23,321,369
2026-04-05,P015,Mineral Water 1L,Beverages,17,321,352
2026-04-06,P015,Mineral Water 1L,Beverages,11,321,341
2026-04-07,P015,Mineral Water 1L,Beverages,12,321,329
2026-04-08,P015,Mineral Water 1L,Beverages,13,321,316
2026-04-09,P015,Mineral Water 1L,Beverages,13,321,303
2026-04-10,P015,Mineral Water 1L,Beverages,19,321,284
2026-04-11,P015,Mineral Water 1L,Beverages,16,321,268
2026-04-12,P015,Mineral Water 1L,Beverages,26,321,242
2026-04-13,P015,Mineral Water 1L,Beverages,10,321,232
2026-04-14,P015,Mineral Water 1L,Beverages,11,321,221
2026-04-15,P015,Mineral Water 1L,Beverages,16,321,205
2026-04-16,P015,Mineral Water 1L,Beverages,21,321,184
2026-04-17,P015,Mineral Water 1L,Beverages,19,321,165
2026-04-18,P015,Mineral Water 1L,Beverages,22,321,143
2026-04-19,P015,Mineral Water 1L,Beverages,18,321,125
2026-04-20,P015,Mineral Water 1L,Beverages,20,321,631
2026-04-21,P015,Mineral Water 1L,Beverages,21,321,610
2026-04-22,P015,Mineral Water 1L,Beverages,22,321,588
2026-04-23,P015,Mineral Water 1L,Beverages,19,321,569
2026-04-24,P015,Mineral Water 1L,Beverages,21,321,548
2026-04-25,P015,Mineral Water 1L,Beverages,16,321,532
2026-04-26,P015,Mineral Water 1L,Beverages,14,321,518
2026-04-27,P015,Mineral Water 1L,Beverages,19,321,499
2026-04-28,P015,Mineral Water 1L,Beverages,17,321,482
2026-04-29,P015,Mineral Water 1L,Beverages,17,321,465
2026-04-30,P015,Mineral Water 1L,Beverages,18,321,447
2026-05-01,P015,Mineral Water 1L,Beverages,21,321,426
2026-05-02,P015,Mineral Water 1L,Beverages,17,321,409
2026-05-03,P015,Mineral Water 1L,Beverages,12,321,397
2026-05-04,P015,Mineral Water 1L,Beverages,16,321,381
2026-05-05,P015,Mineral Water 1L,Beverages,14,321,367
2026-05-06,P015,Mineral Water 1L,Beverages,23,321,344
2026-05-07,P015,Mineral Water 1L,Beverages,15,321,329
2026-05-08,P015,Mineral Water 1L,Beverages,12,321,317
2026-05-09,P015,Mineral Water 1L,Beverages,25,321,292
2026-05-10,P015,Mineral Water 1L,Beverages,17,321,275
2026-05-11,P015,Mineral Water 1L,Beverages,13,321,262
2026-05-12,P015,Mineral Water 1L,Beverages,16,321,246
2026-05-13,P015,Mineral Water 1L,Beverages,12,321,234
2026-05-14,P015,Mineral Water 1L,Beverages,15,321,219
2026-05-15,P015,Mineral Water 1L,Beverages,19,321,200
2026-05-16,P015,Mineral Water 1L,Beverages,14,321,186
2026-05-17,P015,Mineral Water 1L,Beverages,31,321,155
2026-05-18,P015,Mineral Water 1L,Beverages,14,321,141
2026-05-19,P015,Mineral Water 1L,Beverages,16,321,125
2026-05-20,P015,Mineral Water 1L,Beverages,18,321,107
2026-05-21,P015,Mineral Water 1L,Beverages,23,321,610
2026-05-22,P015,Mineral Water 1L,Beverages,19,321,591
2026-05-23,P015,Mineral Water 1L,Beverages,23,321,568
2026-05-24,P015,Mineral Water 1L,Beverages,28,321,540
2026-05-25,P015,Mineral Water 1L,Beverages,14,321,526
2026-05-26,P015,Mineral Water 1L,Beverages,19,321,507
2026-05-27,P015,Mineral Water 1L,Beverages,13,321,494
2026-05-28,P015,Mineral Water 1L,Beverages,14,321,480
2026-05-29,P015,Mineral Water 1L,Beverages,14,321,466
2026-05-30,P015,Mineral Water 1L,Beverages,20,321,446
2026-05-31,P015,Mineral Water 1L,Beverages,28,321,418
2026-06-01,P015,Mineral Water 1L,Beverages,15,321,403
2026-06-02,P015,Mineral Water 1L,Beverages,28,321,375
2026-06-03,P015,Mineral Water 1L,Beverages,28,321,347
2026-06-04,P015,Mineral Water 1L,Beverages,16,321,331
2026-06-05,P015,Mineral Water 1L,Beverages,17,321,314
2026-06-06,P015,Mineral Water 1L,Beverages,18,321,296
2026-06-07,P015,Mineral Water 1L,Beverages,17,321,279
2026-06-08,P015,Mineral Water 1L,Beverages,13,321,266
2026-06-09,P015,Mineral Water 1L,Beverages,18,321,248
2026-06-10,P015,Mineral Water 1L,Beverages,9,321,239
2026-06-11,P015,Mineral Water 1L,Beverages,29,321,210
2026-06-12,P015,Mineral Water 1L,Beverages,16,321,194
2026-06-13,P015,Mineral Water 1L,Beverages,16,321,178
2026-06-14,P015,Mineral Water 1L,Beverages,16,321,162
2026-06-15,P015,Mineral Water 1L,Beverages,25,321,137
2026-06-16,P015,Mineral Water 1L,Beverages,17,321,120
2026-06-17,P015,Mineral Water 1L,Beverages,15,321,631
2026-06-18,P015,Mineral Water 1L,Beverages,25,321,606
2026-06-19,P015,Mineral Water 1L,Beverages,22,321,584
2026-06-20,P015,Mineral Water 1L,Beverages,27,321,557
2026-06-21,P015,Mineral Water 1L,Beverages,21,321,536
2026-06-22,P015,Mineral Water 1L,Beverages,28,321,508
2026-06-23,P015,Mineral Water 1L,Beverages,15,321,493
2026-06-24,P015,Mineral Water 1L,Beverages,15,321,478
2026-06-25,P015,Mineral Water 1L,Beverages,13,321,465
2026-06-26,P015,Mineral Water 1L,Beverages,18,321,447
2026-06-27,P015,Mineral Water 1L,Beverages,18,321,429
2026-06-28,P015,Mineral Water 1L,Beverages,25,321,404
2026-06-29,P015,Mineral Water 1L,Beverages,15,321,389
2026-06-30,P015,Mineral Water 1L,Beverages,17,321,372
2026-07-01,P015,Mineral Water 1L,Beverages,17,321,355
2026-07-02,P015,Mineral Water 1L,Beverages,20,321,335
2026-07-03,P015,Mineral Water 1L,Beverages,18,321,317
2026-07-04,P015,Mineral Water 1L,Beverages,17,321,300
2026-07-05,P015,Mineral Water 1L,Beverages,21,321,279
2026-07-06,P015,Mineral Water 1L,Beverages,16,321,263
2026-07-07,P015,Mineral Water 1L,Beverages,13,321,250
2026-07-08,P015,Mineral Water 1L,Beverages,18,321,232
2026-07-09,P015,Mineral Water 1L,Beverages,26,321,206
2026-07-10,P015,Mineral Water 1L,Beverages,11,321,195
2026-07-11,P015,Mineral Water 1L,Beverages,15,321,180
2026-07-12,P015,Mineral Water 1L,Beverages,16,321,164
2026-07-13,P015,Mineral Water 1L,Beverages,23,321,141
2026-07-14,P015,Mineral Water 1L,Beverages,23,321,118
2026-07-15,P015,Mineral Water 1L,Beverages,18,321,626
2026-07-16,P015,Mineral Water 1L,Beverages,14,321,612
2026-07-17,P015,Mineral Water 1L,Beverages,23,321,589
2026-07-18,P015,Mineral Water 1L,Beverages,19,321,570
2026-07-19,P015,Mineral Water 1L,Beverages,12,321,558
2026-07-20,P015,Mineral Water 1L,Beverages,14,321,544
2026-07-21,P015,Mineral Water 1L,Beverages,18,321,526
2026-07-22,P015,Mineral Water 1L,Beverages,28,321,498
2026-07-23,P015,Mineral Water 1L,Beverages,11,321,487
2026-07-24,P015,Mineral Water 1L,Beverages,17,321,470
2026-07-25,P015,Mineral Water 1L,Beverages,19,321,451
2026-07-26,P015,Mineral Water 1L,Beverages,25,321,426
2026-07-27,P015,Mineral Water 1L,Beverages,16,321,410
2026-07-28,P015,Mineral Water 1L,Beverages,21,321,389
2026-07-29,P015,Mineral Water 1L,Beverages,15,321,374
2026-07-30,P015,Mineral Water 1L,Beverages,10,321,364
2026-07-31,P015,Mineral Water 1L,Beverages,22,321,342
2026-08-01,P015,Mineral Water 1L,Beverages,24,321,318
2026-08-02,P015,Mineral Water 1L,Beverages,25,321,293
2026-08-03,P015,Mineral Water 1L,Beverages,23,321,270
2026-08-04,P015,Mineral Water 1L,Beverages,21,321,249
2026-08-05,P015,Mineral Water 1L,Beverages,13,321,236
2026-08-06,P015,Mineral Water 1L,Beverages,16,321,220
2026-08-07,P015,Mineral Water 1L,Beverages,16,321,204
2026-08-08,P015,Mineral Water 1L,Beverages,22,321,182
2026-08-09,P015,Mineral Water 1L,Beverages,23,321,159
2026-08-10,P015,Mineral Water 1L,Beverages,15,321,144
2026-08-11,P015,Mineral Water 1L,Beverages,15,321,129
2026-08-12,P015,Mineral Water 1L,Beverages,12,321,117
2026-08-13,P015,Mineral Water 1L,Beverages,17,321,626
2026-08-14,P015,Mineral Water 1L,Beverages,18,321,608
2026-08-15,P015,Mineral Water 1L,Beverages,26,321,582
2026-08-16,P015,Mineral Water 1L,Beverages,25,321,557
2026-08-17,P015,Mineral Water 1L,Beverages,19,321,538
2026-08-18,P015,Mineral Water 1L,Beverages,8,321,530
2026-08-19,P015,Mineral Water 1L,Beverages,20,321,510
2026-08-20,P015,Mineral Water 1L,Beverages,14,321,496
2026-08-21,P015,Mineral Water 1L,Beverages,13,321,483
2026-08-22,P015,Mineral Water 1L,Beverages,27,321,456
2026-08-23,P015,Mineral Water 1L,Beverages,25,321,431
2026-08-24,P015,Mineral Water 1L,Beverages,16,321,415
2026-08-25,P015,Mineral Water 1L,Beverages,19,321,396
2026-08-26,P015,Mineral Water 1L,Beverages,23,321,373
2026-08-27,P015,Mineral Water 1L,Beverages,17,321,356
2026-08-28,P015,Mineral Water 1L,Beverages,19,321,337
2026-08-29,P015,Mineral Water 1L,Beverages,22,321,315
2026-08-30,P015,Mineral Water 1L,Beverages,17,321,298
2026-08-31,P015,Mineral Water 1L,Beverages,17,321,281
2026-09-01,P015,Mineral Water 1L,Beverages,21,321,260
2026-09-02,P015,Mineral Water 1L,Beverages,19,321,241
2026-09-03,P015,Mineral Water 1L,Beverages,10,321,231
2026-09-04,P015,Mineral Water 1L,Beverages,14,321,217
2026-09-05,P015,Mineral Water 1L,Beverages,23,321,194
2026-09-06,P015,Mineral Water 1L,Beverages,26,321,168
2026-09-07,P015,Mineral Water 1L,Beverages,16,321,152
2026-09-08,P015,Mineral Water 1L,Beverages,14,321,138
2026-09-09,P015,Mineral Water 1L,Beverages,14,321,124
2026-09-10,P015,Mineral Water 1L,Beverages,20,321,104
2026-09-11,P015,Mineral Water 1L,Beverages,15,321,89
2026-09-12,P015,Mineral Water 1L,Beverages,22,321,67
2026-09-13,P015,Mineral Water 1L,Beverages,16,321,51
2026-09-14,P015,Mineral Water 1L,Beverages,11,321,40
2026-09-15,P015,Mineral Water 1L,Beverages,16,321,24
2026-09-16,P015,Mineral Water 1L,Beverages,18,321,6
2026-09-17,P015,Mineral Water 1L,Beverages,6,321,0
2026-09-18,P015,Mineral Water 1L,Beverages,0,321,0
2026-09-19,P015,Mineral Water 1L,Beverages,0,321,0
2026-09-20,P015,Mineral Water 1L,Beverages,0,321,0
2026-09-21,P015,Mineral Water 1L,Beverages,0,321,0
2026-09-22,P015,Mineral Water 1L,Beverages,0,321,0
2026-09-23,P015,Mineral Water 1L,Beverages,0,321,0
2026-09-24,P015,Mineral Water 1L,Beverages,0,321,0
2026-09-25,P015,Mineral Water 1L,Beverages,0,321,0
2026-09-26,P015,Mineral Water 1L,Beverages,0,321,0
2026-09-27,P015,Mineral Water 1L,Beverages,0,321,0
2026-04-01,P016,Lassi 200ml,Beverages,12,172,397
2026-04-02,P016,Lassi 200ml,Beverages,14,172,383
2026-04-03,P016,Lassi 200ml,Beverages,21,172,362
2026-04-04,P016,Lassi 200ml,Beverages,21,172,341
2026-04-05,P016,Lassi 200ml,Beverages,21,172,320
2026-04-06,P016,Lassi 200ml,Beverages,18,172,302
2026-04-07,P016,Lassi 200ml,Beverages,18,172,284
2026-04-08,P016,Lassi 200ml,Beverages,15,172,269
2026-04-09,P016,Lassi 200ml,Beverages,15,172,254
2026-04-10,P016,Lassi 200ml,Beverages,18,172,236
2026-04-11,P016,Lassi 200ml,Beverages,27,172,209
2026-04-12,P016,Lassi 200ml,Beverages,23,172,186
2026-04-13,P016,Lassi 200ml,Beverages,18,172,168
2026-04-14,P016,Lassi 200ml,Beverages,20,172,148
2026-04-15,P016,Lassi 200ml,Beverages,13,172,135
2026-04-16,P016,Lassi 200ml,Beverages,25,172,110
2026-04-17,P016,Lassi 200ml,Beverages,15,172,586
2026-04-18,P016,Lassi 200ml,Beverages,20,172,566
2026-04-19,P016,Lassi 200ml,Beverages,26,172,540
2026-04-20,P016,Lassi 200ml,Beverages,13,172,527
2026-04-21,P016,Lassi 200ml,Beverages,18,172,509
2026-04-22,P016,Lassi 200ml,Beverages,20,172,489
2026-04-23,P016,Lassi 200ml,Beverages,13,172,476
2026-04-24,P016,Lassi 200ml,Beverages,21,172,455
2026-04-25,P016,Lassi 200ml,Beverages,21,172,434
2026-04-26,P016,Lassi 200ml,Beverages,25,172,409
2026-04-27,P016,Lassi 200ml,Beverages,20,172,389
2026-04-28,P016,Lassi 200ml,Beverages,16,172,373
2026-04-29,P016,Lassi 200ml,Beverages,15,172,358
2026-04-30,P016,Lassi 200ml,Beverages,9,172,349
2026-05-01,P016,Lassi 200ml,Beverages,18,172,331
2026-05-02,P016,Lassi 200ml,Beverages,11,172,320
2026-05-03,P016,Lassi 200ml,Beverages,18,172,302
2026-05-04,P016,Lassi 200ml,Beverages,22,172,280
2026-05-05,P016,Lassi 200ml,Beverages,19,172,261
2026-05-06,P016,Lassi 200ml,Beverages,17,172,244
2026-05-07,P016,Lassi 200ml,Beverages,14,172,230
2026-05-08,P016,Lassi 200ml,Beverages,8,172,222
2026-05-09,P016,Lassi 200ml,Beverages,23,172,199
2026-05-10,P016,Lassi 200ml,Beverages,16,172,183
2026-05-11,P016,Lassi 200ml,Beverages,15,172,168
2026-05-12,P016,Lassi 200ml,Beverages,11,172,157
2026-05-13,P016,Lassi 200ml,Beverages,20,172,137
2026-05-14,P016,Lassi 200ml,Beverages,19,172,118
2026-05-15,P016,Lassi 200ml,Beverages,14,172,104
2026-05-16,P016,Lassi 200ml,Beverages,27,172,568
2026-05-17,P016,Lassi 200ml,Beverages,15,172,553
2026-05-18,P016,Lassi 200ml,Beverages,11,172,542
2026-05-19,P016,Lassi 200ml,Beverages,17,172,525
2026-05-20,P016,Lassi 200ml,Beverages,14,172,511
2026-05-21,P016,Lassi 200ml,Beverages,17,172,494
2026-05-22,P016,Lassi 200ml,Beverages,16,172,478
2026-05-23,P016,Lassi 200ml,Beverages,12,172,466
2026-05-24,P016,Lassi 200ml,Beverages,24,172,442
2026-05-25,P016,Lassi 200ml,Beverages,13,172,429
2026-05-26,P016,Lassi 200ml,Beverages,16,172,413
2026-05-27,P016,Lassi 200ml,Beverages,18,172,395
2026-05-28,P016,Lassi 200ml,Beverages,3,172,392
2026-05-29,P016,Lassi 200ml,Beverages,14,172,378
2026-05-30,P016,Lassi 200ml,Beverages,30,172,348
2026-05-31,P016,Lassi 200ml,Beverages,21,172,327
2026-06-01,P016,Lassi 200ml,Beverages,19,172,308
2026-06-02,P016,Lassi 200ml,Beverages,14,172,294
2026-06-03,P016,Lassi 200ml,Beverages,12,172,282
2026-06-04,P016,Lassi 200ml,Beverages,18,172,264
2026-06-05,P016,Lassi 200ml,Beverages,12,172,252
2026-06-06,P016,Lassi 200ml,Beverages,24,172,228
2026-06-07,P016,Lassi 200ml,Beverages,18,172,210
2026-06-08,P016,Lassi 200ml,Beverages,14,172,196
2026-06-09,P016,Lassi 200ml,Beverages,15,172,181
2026-06-10,P016,Lassi 200ml,Beverages,19,172,162
2026-06-11,P016,Lassi 200ml,Beverages,18,172,144
2026-06-12,P016,Lassi 200ml,Beverages,17,172,127
2026-06-13,P016,Lassi 200ml,Beverages,20,172,107
2026-06-14,P016,Lassi 200ml,Beverages,24,172,574
2026-06-15,P016,Lassi 200ml,Beverages,13,172,561
2026-06-16,P016,Lassi 200ml,Beverages,16,172,545
2026-06-17,P016,Lassi 200ml,Beverages,14,172,531
2026-06-18,P016,Lassi 200ml,Beverages,18,172,513
2026-06-19,P016,Lassi 200ml,Beverages,14,172,499
2026-06-20,P016,Lassi 200ml,Beverages,16,172,483
2026-06-21,P016,Lassi 200ml,Beverages,13,172,470
2026-06-22,P016,Lassi 200ml,Beverages,12,172,458
2026-06-23,P016,Lassi 200ml,Beverages,16,172,442
2026-06-24,P016,Lassi 200ml,Beverages,21,172,421
2026-06-25,P016,Lassi 200ml,Beverages,23,172,398
2026-06-26,P016,Lassi 200ml,Beverages,21,172,377
2026-06-27,P016,Lassi 200ml,Beverages,21,172,356
2026-06-28,P016,Lassi 200ml,Beverages,20,172,336
2026-06-29,P016,Lassi 200ml,Beverages,16,172,320
2026-06-30,P016,Lassi 200ml,Beverages,8,172,312
2026-07-01,P016,Lassi 200ml,Beverages,13,172,299
2026-07-02,P016,Lassi 200ml,Beverages,22,172,277
2026-07-03,P016,Lassi 200ml,Beverages,14,172,263
2026-07-04,P016,Lassi 200ml,Beverages,21,172,242
2026-07-05,P016,Lassi 200ml,Beverages,25,172,217
2026-07-06,P016,Lassi 200ml,Beverages,17,172,200
2026-07-07,P016,Lassi 200ml,Beverages,20,172,180
2026-07-08,P016,Lassi 200ml,Beverages,13,172,167
2026-07-09,P016,Lassi 200ml,Beverages,18,172,149
2026-07-10,P016,Lassi 200ml,Beverages,15,172,134
2026-07-11,P016,Lassi 200ml,Beverages,9,172,125
2026-07-12,P016,Lassi 200ml,Beverages,22,172,103
2026-07-13,P016,Lassi 200ml,Beverages,21,172,573
2026-07-14,P016,Lassi 200ml,Beverages,25,172,548
2026-07-15,P016,Lassi 200ml,Beverages,11,172,537
2026-07-16,P016,Lassi 200ml,Beverages,20,172,517
2026-07-17,P016,Lassi 200ml,Beverages,12,172,505
2026-07-18,P016,Lassi 200ml,Beverages,17,172,488
2026-07-19,P016,Lassi 200ml,Beverages,31,172,457
2026-07-20,P016,Lassi 200ml,Beverages,15,172,442
2026-07-21,P016,Lassi 200ml,Beverages,14,172,428
2026-07-22,P016,Lassi 200ml,Beverages,19,172,409
2026-07-23,P016,Lassi 200ml,Beverages,21,172,388
2026-07-24,P016,Lassi 200ml,Beverages,16,172,372
2026-07-25,P016,Lassi 200ml,Beverages,23,172,349
2026-07-26,P016,Lassi 200ml,Beverages,24,172,325
2026-07-27,P016,Lassi 200ml,Beverages,14,172,311
2026-07-28,P016,Lassi 200ml,Beverages,18,172,293
2026-07-29,P016,Lassi 200ml,Beverages,19,172,274
2026-07-30,P016,Lassi 200ml,Beverages,16,172,258
2026-07-31,P016,Lassi 200ml,Beverages,13,172,245
2026-08-01,P016,Lassi 200ml,Beverages,22,172,223
2026-08-02,P016,Lassi 200ml,Beverages,19,172,204
2026-08-03,P016,Lassi 200ml,Beverages,16,172,188
2026-08-04,P016,Lassi 200ml,Beverages,16,172,172
2026-08-05,P016,Lassi 200ml,Beverages,18,172,154
2026-08-06,P016,Lassi 200ml,Beverages,11,172,143
2026-08-07,P016,Lassi 200ml,Beverages,12,172,131
2026-08-08,P016,Lassi 200ml,Beverages,16,172,115
2026-08-09,P016,Lassi 200ml,Beverages,17,172,589
2026-08-10,P016,Lassi 200ml,Beverages,14,172,575
2026-08-11,P016,Lassi 200ml,Beverages,14,172,561
2026-08-12,P016,Lassi 200ml,Beverages,14,172,547
2026-08-13,P016,Lassi 200ml,Beverages,13,172,534
2026-08-14,P016,Lassi 200ml,Beverages,16,172,518
2026-08-15,P016,Lassi 200ml,Beverages,27,172,491
2026-08-16,P016,Lassi 200ml,Beverages,17,172,474
2026-08-17,P016,Lassi 200ml,Beverages,12,172,462
2026-08-18,P016,Lassi 200ml,Beverages,14,172,448
2026-08-19,P016,Lassi 200ml,Beverages,13,172,435
2026-08-20,P016,Lassi 200ml,Beverages,15,172,420
2026-08-21,P016,Lassi 200ml,Beverages,20,172,400
2026-08-22,P016,Lassi 200ml,Beverages,19,172,381
2026-08-23,P016,Lassi 200ml,Beverages,22,172,359
2026-08-24,P016,Lassi 200ml,Beverages,15,172,344
2026-08-25,P016,Lassi 200ml,Beverages,13,172,331
2026-08-26,P016,Lassi 200ml,Beverages,8,172,323
2026-08-27,P016,Lassi 200ml,Beverages,23,172,300
2026-08-28,P016,Lassi 200ml,Beverages,13,172,287
2026-08-29,P016,Lassi 200ml,Beverages,20,172,267
2026-08-30,P016,Lassi 200ml,Beverages,20,172,247
2026-08-31,P016,Lassi 200ml,Beverages,16,172,231
2026-09-01,P016,Lassi 200ml,Beverages,18,172,213
2026-09-02,P016,Lassi 200ml,Beverages,11,172,202
2026-09-03,P016,Lassi 200ml,Beverages,22,172,180
2026-09-04,P016,Lassi 200ml,Beverages,17,172,163
2026-09-05,P016,Lassi 200ml,Beverages,21,172,142
2026-09-06,P016,Lassi 200ml,Beverages,11,172,131
2026-09-07,P016,Lassi 200ml,Beverages,19,172,112
2026-09-08,P016,Lassi 200ml,Beverages,15,172,588
2026-09-09,P016,Lassi 200ml,Beverages,19,172,569
2026-09-10,P016,Lassi 200ml,Beverages,11,172,558
2026-09-11,P016,Lassi 200ml,Beverages,16,172,542
2026-09-12,P016,Lassi 200ml,Beverages,21,172,521
2026-09-13,P016,Lassi 200ml,Beverages,28,172,493
2026-09-14,P016,Lassi 200ml,Beverages,16,172,477
2026-09-15,P016,Lassi 200ml,Beverages,19,172,458
2026-09-16,P016,Lassi 200ml,Beverages,20,172,438
2026-09-17,P016,Lassi 200ml,Beverages,16,172,422
2026-09-18,P016,Lassi 200ml,Beverages,27,172,395
2026-09-19,P016,Lassi 200ml,Beverages,22,172,373
2026-09-20,P016,Lassi 200ml,Beverages,15,172,358
2026-09-21,P016,Lassi 200ml,Beverages,15,172,343
2026-09-22,P016,Lassi 200ml,Beverages,22,172,321
2026-09-23,P016,Lassi 200ml,Beverages,20,172,301
2026-09-24,P016,Lassi 200ml,Beverages,11,172,290
2026-09-25,P016,Lassi 200ml,Beverages,18,172,272
2026-09-26,P016,Lassi 200ml,Beverages,17,172,255
2026-09-27,P016,Lassi 200ml,Beverages,19,172,236
2026-04-01,P017,Detergent 1kg,Household,5,311,142
2026-04-02,P017,Detergent 1kg,Household,7,311,135
2026-04-03,P017,Detergent 1kg,Household,3,311,132
2026-04-04,P017,Detergent 1kg,Household,6,311,126
2026-04-05,P017,Detergent 1kg,Household,10,311,116
2026-04-06,P017,Detergent 1kg,Household,9,311,107
2026-04-07,P017,Detergent 1kg,Household,4,311,103
2026-04-08,P017,Detergent 1kg,Household,4,311,99
2026-04-09,P017,Detergent 1kg,Household,7,311,92
2026-04-10,P017,Detergent 1kg,Household,3,311,89
2026-04-11,P017,Detergent 1kg,Household,5,311,84
2026-04-12,P017,Detergent 1kg,Household,11,311,73
2026-04-13,P017,Detergent 1kg,Household,5,311,68
2026-04-14,P017,Detergent 1kg,Household,3,311,65
2026-04-15,P017,Detergent 1kg,Household,3,311,62
2026-04-16,P017,Detergent 1kg,Household,4,311,58
2026-04-17,P017,Detergent 1kg,Household,9,311,49
2026-04-18,P017,Detergent 1kg,Household,6,311,43
2026-04-19,P017,Detergent 1kg,Household,9,311,211
2026-04-20,P017,Detergent 1kg,Household,6,311,205
2026-04-21,P017,Detergent 1kg,Household,12,311,193
2026-04-22,P017,Detergent 1kg,Household,4,311,189
2026-04-23,P017,Detergent 1kg,Household,2,311,187
2026-04-24,P017,Detergent 1kg,Household,2,311,185
2026-04-25,P017,Detergent 1kg,Household,7,311,178
2026-04-26,P017,Detergent 1kg,Household,3,311,175
2026-04-27,P017,Detergent 1kg,Household,5,311,170
2026-04-28,P017,Detergent 1kg,Household,7,311,163
2026-04-29,P017,Detergent 1kg,Household,8,311,155
2026-04-30,P017,Detergent 1kg,Household,5,311,150
2026-05-01,P017,Detergent 1kg,Household,5,311,145
2026-05-02,P017,Detergent 1kg,Household,10,311,135
2026-05-03,P017,Detergent 1kg,Household,8,311,127
2026-05-04,P017,Detergent 1kg,Household,4,311,123
2026-05-05,P017,Detergent 1kg,Household,5,311,118
2026-05-06,P017,Detergent 1kg,Household,6,311,112
2026-05-07,P017,Detergent 1kg,Household,6,311,106
2026-05-08,P017,Detergent 1kg,Household,7,311,99
2026-05-09,P017,Detergent 1kg,Household,9,311,90
2026-05-10,P017,Detergent 1kg,Household,5,311,85
2026-05-11,P017,Detergent 1kg,Household,2,311,83
2026-05-12,P017,Detergent 1kg,Household,9,311,74
2026-05-13,P017,Detergent 1kg,Household,6,311,68
2026-05-14,P017,Detergent 1kg,Household,3,311,65
2026-05-15,P017,Detergent 1kg,Household,9,311,56
2026-05-16,P017,Detergent 1kg,Household,9,311,47
2026-05-17,P017,Detergent 1kg,Household,5,311,42
2026-05-18,P017,Detergent 1kg,Household,5,311,37
2026-05-19,P017,Detergent 1kg,Household,6,311,208
2026-05-20,P017,Detergent 1kg,Household,4,311,204
2026-05-21,P017,Detergent 1kg,Household,6,311,198
2026-05-22,P017,Detergent 1kg,Household,8,311,190
2026-05-23,P017,Detergent 1kg,Household,5,311,185
2026-05-24,P017,Detergent 1kg,Household,7,311,178
2026-05-25,P017,Detergent 1kg,Household,4,311,174
2026-05-26,P017,Detergent 1kg,Household,9,311,165
2026-05-27,P017,Detergent 1kg,Household,3,311,162
2026-05-28,P017,Detergent 1kg,Household,7,311,155
2026-05-29,P017,Detergent 1kg,Household,5,311,150
2026-05-30,P017,Detergent 1kg,Household,5,311,145
2026-05-31,P017,Detergent 1kg,Household,7,311,138
2026-06-01,P017,Detergent 1kg,Household,6,311,132
2026-06-02,P017,Detergent 1kg,Household,3,311,129
2026-06-03,P017,Detergent 1kg,Household,6,311,123
2026-06-04,P017,Detergent 1kg,Household,6,311,117
2026-06-05,P017,Detergent 1kg,Household,5,311,112
2026-06-06,P017,Detergent 1kg,Household,7,311,105
2026-06-07,P017,Detergent 1kg,Household,8,311,97
2026-06-08,P017,Detergent 1kg,Household,9,311,88
2026-06-09,P017,Detergent 1kg,Household,5,311,83
2026-06-10,P017,Detergent 1kg,Household,5,311,78
2026-06-11,P017,Detergent 1kg,Household,14,311,64
2026-06-12,P017,Detergent 1kg,Household,8,311,56
2026-06-13,P017,Detergent 1kg,Household,13,311,43
2026-06-14,P017,Detergent 1kg,Household,7,311,36
2026-06-15,P017,Detergent 1kg,Household,3,311,210
2026-06-16,P017,Detergent 1kg,Household,7,311,203
2026-06-17,P017,Detergent 1kg,Household,5,311,198
2026-06-18,P017,Detergent 1kg,Household,6,311,192
2026-06-19,P017,Detergent 1kg,Household,6,311,186
2026-06-20,P017,Detergent 1kg,Household,8,311,178
2026-06-21,P017,Detergent 1kg,Household,6,311,172
2026-06-22,P017,Detergent 1kg,Household,4,311,168
2026-06-23,P017,Detergent 1kg,Household,6,311,162
2026-06-24,P017,Detergent 1kg,Household,11,311,151
2026-06-25,P017,Detergent 1kg,Household,4,311,147
2026-06-26,P017,Detergent 1kg,Household,6,311,141
2026-06-27,P017,Detergent 1kg,Household,3,311,138
2026-06-28,P017,Detergent 1kg,Household,8,311,130
2026-06-29,P017,Detergent 1kg,Household,9,311,121
2026-06-30,P017,Detergent 1kg,Household,5,311,116
2026-07-01,P017,Detergent 1kg,Household,5,311,111
2026-07-02,P017,Detergent 1kg,Household,8,311,103
2026-07-03,P017,Detergent 1kg,Household,4,311,99
2026-07-04,P017,Detergent 1kg,Household,5,311,94
2026-07-05,P017,Detergent 1kg,Household,3,311,91
2026-07-06,P017,Detergent 1kg,Household,7,311,84
2026-07-07,P017,Detergent 1kg,Household,7,311,77
2026-07-08,P017,Detergent 1kg,Household,5,311,72
2026-07-09,P017,Detergent 1kg,Household,5,311,67
2026-07-10,P017,Detergent 1kg,Household,7,311,60
2026-07-11,P017,Detergent 1kg,Household,7,311,53
2026-07-12,P017,Detergent 1kg,Household,7,311,46
2026-07-13,P017,Detergent 1kg,Household,3,311,43
2026-07-14,P017,Detergent 1kg,Household,6,311,37
2026-07-15,P017,Detergent 1kg,Household,7,311,207
2026-07-16,P017,Detergent 1kg,Household,7,311,200
2026-07-17,P017,Detergent 1kg,Household,6,311,194
2026-07-18,P017,Detergent 1kg,Household,7,311,187
2026-07-19,P017,Detergent 1kg,Household,5,311,182
2026-07-20,P017,Detergent 1kg,Household,8,311,174
2026-07-21,P017,Detergent 1kg,Household,6,311,168
2026-07-22,P017,Detergent 1kg,Household,8,311,160
2026-07-23,P017,Detergent 1kg,Household,6,311,154
2026-07-24,P017,Detergent 1kg,Household,7,311,147
2026-07-25,P017,Detergent 1kg,Household,7,311,140
2026-07-26,P017,Detergent 1kg,Household,5,311,135
2026-07-27,P017,Detergent 1kg,Household,7,311,128
2026-07-28,P017,Detergent 1kg,Household,8,311,120
2026-07-29,P017,Detergent 1kg,Household,6,311,114
2026-07-30,P017,Detergent 1kg,Household,8,311,106
2026-07-31,P017,Detergent 1kg,Household,4,311,102
2026-08-01,P017,Detergent 1kg,Household,4,311,98
2026-08-02,P017,Detergent 1kg,Household,5,311,93
2026-08-03,P017,Detergent 1kg,Household,6,311,87
2026-08-04,P017,Detergent 1kg,Household,5,311,82
2026-08-05,P017,Detergent 1kg,Household,10,311,72
2026-08-06,P017,Detergent 1kg,Household,9,311,63
2026-08-07,P017,Detergent 1kg,Household,6,311,57
2026-08-08,P017,Detergent 1kg,Household,3,311,54
2026-08-09,P017,Detergent 1kg,Household,4,311,50
2026-08-10,P017,Detergent 1kg,Household,3,311,47
2026-08-11,P017,Detergent 1kg,Household,7,311,40
2026-08-12,P017,Detergent 1kg,Household,7,311,210
2026-08-13,P017,Detergent 1kg,Household,5,311,205
2026-08-14,P017,Detergent 1kg,Household,8,311,197
2026-08-15,P017,Detergent 1kg,Household,7,311,190
2026-08-16,P017,Detergent 1kg,Household,8,311,182
2026-08-17,P017,Detergent 1kg,Household,7,311,175
2026-08-18,P017,Detergent 1kg,Household,6,311,169
2026-08-19,P017,Detergent 1kg,Household,3,311,166
2026-08-20,P017,Detergent 1kg,Household,7,311,159
2026-08-21,P017,Detergent 1kg,Household,2,311,157
2026-08-22,P017,Detergent 1kg,Household,7,311,150
2026-08-23,P017,Detergent 1kg,Household,10,311,140
2026-08-24,P017,Detergent 1kg,Household,4,311,136
2026-08-25,P017,Detergent 1kg,Household,4,311,132
2026-08-26,P017,Detergent 1kg,Household,3,311,129
2026-08-27,P017,Detergent 1kg,Household,8,311,121
2026-08-28,P017,Detergent 1kg,Household,5,311,116
2026-08-29,P017,Detergent 1kg,Household,6,311,110
2026-08-30,P017,Detergent 1kg,Household,7,311,103
2026-08-31,P017,Detergent 1kg,Household,7,311,96
2026-09-01,P017,Detergent 1kg,Household,4,311,92
2026-09-02,P017,Detergent 1kg,Household,6,311,86
2026-09-03,P017,Detergent 1kg,Household,4,311,82
2026-09-04,P017,Detergent 1kg,Household,0,311,82
2026-09-05,P017,Detergent 1kg,Household,10,311,72
2026-09-06,P017,Detergent 1kg,Household,10,311,62
2026-09-07,P017,Detergent 1kg,Household,7,311,55
2026-09-08,P017,Detergent 1kg,Household,6,311,49
2026-09-09,P017,Detergent 1kg,Household,4,311,45
2026-09-10,P017,Detergent 1kg,Household,7,311,38
2026-09-11,P017,Detergent 1kg,Household,3,311,212
2026-09-12,P017,Detergent 1kg,Household,6,311,206
2026-09-13,P017,Detergent 1kg,Household,8,311,198
2026-09-14,P017,Detergent 1kg,Household,9,311,189
2026-09-15,P017,Detergent 1kg,Household,12,311,177
2026-09-16,P017,Detergent 1kg,Household,10,311,167
2026-09-17,P017,Detergent 1kg,Household,6,311,161
2026-09-18,P017,Detergent 1kg,Household,6,311,155
2026-09-19,P017,Detergent 1kg,Household,7,311,148
2026-09-20,P017,Detergent 1kg,Household,5,311,143
2026-09-21,P017,Detergent 1kg,Household,5,311,138
2026-09-22,P017,Detergent 1kg,Household,2,311,136
2026-09-23,P017,Detergent 1kg,Household,6,311,130
2026-09-24,P017,Detergent 1kg,Household,8,311,122
2026-09-25,P017,Detergent 1kg,Household,2,311,120
2026-09-26,P017,Detergent 1kg,Household,8,311,112
2026-09-27,P017,Detergent 1kg,Household,9,311,103
2026-04-01,P018,Dishwash Liquid,Household,9,354,241
2026-04-02,P018,Dishwash Liquid,Household,9,354,232
2026-04-03,P018,Dishwash Liquid,Household,14,354,218
2026-04-04,P018,Dishwash Liquid,Household,7,354,211
2026-04-05,P018,Dishwash Liquid,Household,18,354,193
2026-04-06,P018,Dishwash Liquid,Household,9,354,184
2026-04-07,P018,Dishwash Liquid,Household,7,354,177
2026-04-08,P018,Dishwash Liquid,Household,10,354,167
2026-04-09,P018,Dishwash Liquid,Household,12,354,155
2026-04-10,P018,Dishwash Liquid,Household,10,354,145
2026-04-11,P018,Dishwash Liquid,Household,14,354,131
2026-04-12,P018,Dishwash Liquid,Household,9,354,122
2026-04-13,P018,Dishwash Liquid,Household,7,354,115
2026-04-14,P018,Dishwash Liquid,Household,8,354,107
2026-04-15,P018,Dishwash Liquid,Household,8,354,99
2026-04-16,P018,Dishwash Liquid,Household,9,354,90
2026-04-17,P018,Dishwash Liquid,Household,10,354,80
2026-04-18,P018,Dishwash Liquid,Household,13,354,67
2026-04-19,P018,Dishwash Liquid,Household,12,354,355
2026-04-20,P018,Dishwash Liquid,Household,9,354,346
2026-04-21,P018,Dishwash Liquid,Household,10,354,336
2026-04-22,P018,Dishwash Liquid,Household,8,354,328
2026-04-23,P018,Dishwash Liquid,Household,5,354,323
2026-04-24,P018,Dishwash Liquid,Household,14,354,309
2026-04-25,P018,Dishwash Liquid,Household,8,354,301
2026-04-26,P018,Dishwash Liquid,Household,5,354,296
2026-04-27,P018,Dishwash Liquid,Household,11,354,285
2026-04-28,P018,Dishwash Liquid,Household,10,354,275
2026-04-29,P018,Dishwash Liquid,Household,11,354,264
2026-04-30,P018,Dishwash Liquid,Household,13,354,251
2026-05-01,P018,Dishwash Liquid,Household,10,354,241
2026-05-02,P018,Dishwash Liquid,Household,12,354,229
2026-05-03,P018,Dishwash Liquid,Household,10,354,219
2026-05-04,P018,Dishwash Liquid,Household,4,354,215
2026-05-05,P018,Dishwash Liquid,Household,12,354,203
2026-05-06,P018,Dishwash Liquid,Household,7,354,196
2026-05-07,P018,Dishwash Liquid,Household,12,354,184
2026-05-08,P018,Dishwash Liquid,Household,6,354,178
2026-05-09,P018,Dishwash Liquid,Household,13,354,165
2026-05-10,P018,Dishwash Liquid,Household,14,354,151
2026-05-11,P018,Dishwash Liquid,Household,17,354,134
2026-05-12,P018,Dishwash Liquid,Household,6,354,128
2026-05-13,P018,Dishwash Liquid,Household,6,354,122
2026-05-14,P018,Dishwash Liquid,Household,14,354,108
2026-05-15,P018,Dishwash Liquid,Household,6,354,102
2026-05-16,P018,Dishwash Liquid,Household,11,354,91
2026-05-17,P018,Dishwash Liquid,Household,12,354,79
2026-05-18,P018,Dishwash Liquid,Household,9,354,70
2026-05-19,P018,Dishwash Liquid,Household,8,354,62
2026-05-20,P018,Dishwash Liquid,Household,7,354,355
2026-05-21,P018,Dishwash Liquid,Household,12,354,343
2026-05-22,P018,Dishwash Liquid,Household,13,354,330
2026-05-23,P018,Dishwash Liquid,Household,16,354,314
2026-05-24,P018,Dishwash Liquid,Household,11,354,303
2026-05-25,P018,Dishwash Liquid,Household,10,354,293
2026-05-26,P018,Dishwash Liquid,Household,14,354,279
2026-05-27,P018,Dishwash Liquid,Household,5,354,274
2026-05-28,P018,Dishwash Liquid,Household,11,354,263
2026-05-29,P018,Dishwash Liquid,Household,14,354,249
2026-05-30,P018,Dishwash Liquid,Household,9,354,240
2026-05-31,P018,Dishwash Liquid,Household,7,354,233
2026-06-01,P018,Dishwash Liquid,Household,5,354,228
2026-06-02,P018,Dishwash Liquid,Household,11,354,217
2026-06-03,P018,Dishwash Liquid,Household,4,354,213
2026-06-04,P018,Dishwash Liquid,Household,15,354,198
2026-06-05,P018,Dishwash Liquid,Household,10,354,188
2026-06-06,P018,Dishwash Liquid,Household,18,354,170
2026-06-07,P018,Dishwash Liquid,Household,18,354,152
2026-06-08,P018,Dishwash Liquid,Household,21,354,131
2026-06-09,P018,Dishwash Liquid,Household,8,354,123
2026-06-10,P018,Dishwash Liquid,Household,8,354,115
2026-06-11,P018,Dishwash Liquid,Household,8,354,107
2026-06-12,P018,Dishwash Liquid,Household,13,354,94
2026-06-13,P018,Dishwash Liquid,Household,7,354,87
2026-06-14,P018,Dishwash Liquid,Household,15,354,72
2026-06-15,P018,Dishwash Liquid,Household,9,354,63
2026-06-16,P018,Dishwash Liquid,Household,12,354,351
2026-06-17,P018,Dishwash Liquid,Household,6,354,345
2026-06-18,P018,Dishwash Liquid,Household,14,354,331
2026-06-19,P018,Dishwash Liquid,Household,12,354,319
2026-06-20,P018,Dishwash Liquid,Household,16,354,303
2026-06-21,P018,Dishwash Liquid,Household,10,354,293
2026-06-22,P018,Dishwash Liquid,Household,8,354,285
2026-06-23,P018,Dishwash Liquid,Household,11,354,274
2026-06-24,P018,Dishwash Liquid,Household,13,354,261
2026-06-25,P018,Dishwash Liquid,Household,10,354,251
2026-06-26,P018,Dishwash Liquid,Household,11,354,240
2026-06-27,P018,Dishwash Liquid,Household,8,354,232
2026-06-28,P018,Dishwash Liquid,Household,12,354,220
2026-06-29,P018,Dishwash Liquid,Household,13,354,207
2026-06-30,P018,Dishwash Liquid,Household,11,354,196
2026-07-01,P018,Dishwash Liquid,Household,7,354,189
2026-07-02,P018,Dishwash Liquid,Household,11,354,178
2026-07-03,P018,Dishwash Liquid,Household,19,354,159
2026-07-04,P018,Dishwash Liquid,Household,12,354,147
2026-07-05,P018,Dishwash Liquid,Household,8,354,139
2026-07-06,P018,Dishwash Liquid,Household,12,354,127
2026-07-07,P018,Dishwash Liquid,Household,10,354,117
2026-07-08,P018,Dishwash Liquid,Household,11,354,106
2026-07-09,P018,Dishwash Liquid,Household,8,354,98
2026-07-10,P018,Dishwash Liquid,Household,10,354,88
2026-07-11,P018,Dishwash Liquid,Household,7,354,81
2026-07-12,P018,Dishwash Liquid,Household,9,354,72
2026-07-13,P018,Dishwash Liquid,Household,6,354,66
2026-07-14,P018,Dishwash Liquid,Household,12,354,354
2026-07-15,P018,Dishwash Liquid,Household,6,354,348
2026-07-16,P018,Dishwash Liquid,Household,13,354,335
2026-07-17,P018,Dishwash Liquid,Household,13,354,322
2026-07-18,P018,Dishwash Liquid,Household,12,354,310
2026-07-19,P018,Dishwash Liquid,Household,10,354,300
2026-07-20,P018,Dishwash Liquid,Household,9,354,291
2026-07-21,P018,Dishwash Liquid,Household,10,354,281
2026-07-22,P018,Dishwash Liquid,Household,6,354,275
2026-07-23,P018,Dishwash Liquid,Household,9,354,266
2026-07-24,P018,Dishwash Liquid,Household,8,354,258
2026-07-25,P018,Dishwash Liquid,Household,19,354,239
2026-07-26,P018,Dishwash Liquid,Household,19,354,220
2026-07-27,P018,Dishwash Liquid,Household,7,354,213
2026-07-28,P018,Dishwash Liquid,Household,8,354,205
2026-07-29,P018,Dishwash Liquid,Household,4,354,201
2026-07-30,P018,Dishwash Liquid,Household,6,354,195
2026-07-31,P018,Dishwash Liquid,Household,12,354,183
2026-08-01,P018,Dishwash Liquid,Household,8,354,175
2026-08-02,P018,Dishwash Liquid,Household,10,354,165
2026-08-03,P018,Dishwash Liquid,Household,8,354,157
2026-08-04,P018,Dishwash Liquid,Household,12,354,145
2026-08-05,P018,Dishwash Liquid,Household,7,354,138
2026-08-06,P018,Dishwash Liquid,Household,8,354,130
2026-08-07,P018,Dishwash Liquid,Household,8,354,122
2026-08-08,P018,Dishwash Liquid,Household,10,354,112
2026-08-09,P018,Dishwash Liquid,Household,13,354,99
2026-08-10,P018,Dishwash Liquid,Household,13,354,86
2026-08-11,P018,Dishwash Liquid,Household,6,354,80
2026-08-12,P018,Dishwash Liquid,Household,9,354,71
2026-08-13,P018,Dishwash Liquid,Household,6,354,65
2026-08-14,P018,Dishwash Liquid,Household,7,354,358
2026-08-15,P018,Dishwash Liquid,Household,7,354,351
2026-08-16,P018,Dishwash Liquid,Household,9,354,342
2026-08-17,P018,Dishwash Liquid,Household,12,354,330
2026-08-18,P018,Dishwash Liquid,Household,15,354,315
2026-08-19,P018,Dishwash Liquid,Household,9,354,306
2026-08-20,P018,Dishwash Liquid,Household,13,354,293
2026-08-21,P018,Dishwash Liquid,Household,9,354,284
2026-08-22,P018,Dishwash Liquid,Household,14,354,270
2026-08-23,P018,Dishwash Liquid,Household,13,354,257
2026-08-24,P018,Dishwash Liquid,Household,12,354,245
2026-08-25,P018,Dishwash Liquid,Household,9,354,236
2026-08-26,P018,Dishwash Liquid,Household,11,354,225
2026-08-27,P018,Dishwash Liquid,Household,10,354,215
2026-08-28,P018,Dishwash Liquid,Household,5,354,210
2026-08-29,P018,Dishwash Liquid,Household,12,354,198
2026-08-30,P018,Dishwash Liquid,Household,12,354,186
2026-08-31,P018,Dishwash Liquid,Household,10,354,176
2026-09-01,P018,Dishwash Liquid,Household,8,354,168
2026-09-02,P018,Dishwash Liquid,Household,11,354,157
2026-09-03,P018,Dishwash Liquid,Household,9,354,148
2026-09-04,P018,Dishwash Liquid,Household,9,354,139
2026-09-05,P018,Dishwash Liquid,Household,13,354,126
2026-09-06,P018,Dishwash Liquid,Household,11,354,115
2026-09-07,P018,Dishwash Liquid,Household,14,354,101
2026-09-08,P018,Dishwash Liquid,Household,11,354,90
2026-09-09,P018,Dishwash Liquid,Household,12,354,78
2026-09-10,P018,Dishwash Liquid,Household,7,354,71
2026-09-11,P018,Dishwash Liquid,Household,11,354,360
2026-09-12,P018,Dishwash Liquid,Household,17,354,343
2026-09-13,P018,Dishwash Liquid,Household,14,354,329
2026-09-14,P018,Dishwash Liquid,Household,11,354,318
2026-09-15,P018,Dishwash Liquid,Household,9,354,309
2026-09-16,P018,Dishwash Liquid,Household,11,354,298
2026-09-17,P018,Dishwash Liquid,Household,13,354,285
2026-09-18,P018,Dishwash Liquid,Household,10,354,275
2026-09-19,P018,Dishwash Liquid,Household,10,354,265
2026-09-20,P018,Dishwash Liquid,Household,22,354,243
2026-09-21,P018,Dishwash Liquid,Household,12,354,231
2026-09-22,P018,Dishwash Liquid,Household,12,354,219
2026-09-23,P018,Dishwash Liquid,Household,14,354,205
2026-09-24,P018,Dishwash Liquid,Household,15,354,190
2026-09-25,P018,Dishwash Liquid,Household,14,354,176
2026-09-26,P018,Dishwash Liquid,Household,14,354,162
2026-09-27,P018,Dishwash Liquid,Household,14,354,148
2026-04-01,P019,Floor Cleaner,Household,1,234,131
2026-04-02,P019,Floor Cleaner,Household,6,234,125
2026-04-03,P019,Floor Cleaner,Household,7,234,118
2026-04-04,P019,Floor Cleaner,Household,7,234,111
2026-04-05,P019,Floor Cleaner,Household,9,234,102
2026-04-06,P019,Floor Cleaner,Household,4,234,98
2026-04-07,P019,Floor Cleaner,Household,7,234,91
2026-04-08,P019,Floor Cleaner,Household,5,234,86
2026-04-09,P019,Floor Cleaner,Household,10,234,76
2026-04-10,P019,Floor Cleaner,Household,5,234,71
2026-04-11,P019,Floor Cleaner,Household,7,234,64
2026-04-12,P019,Floor Cleaner,Household,5,234,59
2026-04-13,P019,Floor Cleaner,Household,7,234,52
2026-04-14,P019,Floor Cleaner,Household,9,234,43
2026-04-15,P019,Floor Cleaner,Household,9,234,34
2026-04-16,P019,Floor Cleaner,Household,5,234,188
2026-04-17,P019,Floor Cleaner,Household,11,234,177
2026-04-18,P019,Floor Cleaner,Household,11,234,166
2026-04-19,P019,Floor Cleaner,Household,4,234,162
2026-04-20,P019,Floor Cleaner,Household,9,234,153
2026-04-21,P019,Floor Cleaner,Household,4,234,149
2026-04-22,P019,Floor Cleaner,Household,5,234,144
2026-04-23,P019,Floor Cleaner,Household,6,234,138
2026-04-24,P019,Floor Cleaner,Household,12,234,126
2026-04-25,P019,Floor Cleaner,Household,9,234,117
2026-04-26,P019,Floor Cleaner,Household,11,234,106
2026-04-27,P019,Floor Cleaner,Household,9,234,97
2026-04-28,P019,Floor Cleaner,Household,5,234,92
2026-04-29,P019,Floor Cleaner,Household,3,234,89
2026-04-30,P019,Floor Cleaner,Household,4,234,85
2026-05-01,P019,Floor Cleaner,Household,11,234,74
2026-05-02,P019,Floor Cleaner,Household,6,234,68
2026-05-03,P019,Floor Cleaner,Household,3,234,65
2026-05-04,P019,Floor Cleaner,Household,6,234,59
2026-05-05,P019,Floor Cleaner,Household,5,234,54
2026-05-06,P019,Floor Cleaner,Household,7,234,47
2026-05-07,P019,Floor Cleaner,Household,6,234,41
2026-05-08,P019,Floor Cleaner,Household,3,234,38
2026-05-09,P019,Floor Cleaner,Household,9,234,188
2026-05-10,P019,Floor Cleaner,Household,12,234,176
2026-05-11,P019,Floor Cleaner,Household,10,234,166
2026-05-12,P019,Floor Cleaner,Household,10,234,156
2026-05-13,P019,Floor Cleaner,Household,9,234,147
2026-05-14,P019,Floor Cleaner,Household,5,234,142
2026-05-15,P019,Floor Cleaner,Household,6,234,136
2026-05-16,P019,Floor Cleaner,Household,9,234,127
2026-05-17,P019,Floor Cleaner,Household,10,234,117
2026-05-18,P019,Floor Cleaner,Household,4,234,113
2026-05-19,P019,Floor Cleaner,Household,5,234,108
2026-05-20,P019,Floor Cleaner,Household,6,234,102
2026-05-21,P019,Floor Cleaner,Household,6,234,96
2026-05-22,P019,Floor Cleaner,Household,5,234,91
2026-05-23,P019,Floor Cleaner,Household,3,234,88
2026-05-24,P019,Floor Cleaner,Household,4,234,84
2026-05-25,P019,Floor Cleaner,Household,4,234,80
2026-05-26,P019,Floor Cleaner,Household,2,234,78
2026-05-27,P019,Floor Cleaner,Household,6,234,72
2026-05-28,P019,Floor Cleaner,Household,13,234,59
2026-05-29,P019,Floor Cleaner,Household,7,234,52
2026-05-30,P019,Floor Cleaner,Household,8,234,44
2026-05-31,P019,Floor Cleaner,Household,7,234,37
2026-06-01,P019,Floor Cleaner,Household,7,234,189
2026-06-02,P019,Floor Cleaner,Household,5,234,184
2026-06-03,P019,Floor Cleaner,Household,9,234,175
2026-06-04,P019,Floor Cleaner,Household,4,234,171
2026-06-05,P019,Floor Cleaner,Household,1,234,170
2026-06-06,P019,Floor Cleaner,Household,4,234,166
2026-06-07,P019,Floor Cleaner,Household,7,234,159
2026-06-08,P019,Floor Cleaner,Household,3,234,156
2026-06-09,P019,Floor Cleaner,Household,5,234,151
2026-06-10,P019,Floor Cleaner,Household,4,234,147
2026-06-11,P019,Floor Cleaner,Household,11,234,136
2026-06-12,P019,Floor Cleaner,Household,6,234,130
2026-06-13,P019,Floor Cleaner,Household,4,234,126
2026-06-14,P019,Floor Cleaner,Household,5,234,121
2026-06-15,P019,Floor Cleaner,Household,6,234,115
2026-06-16,P019,Floor Cleaner,Household,7,234,108
2026-06-17,P019,Floor Cleaner,Household,4,234,104
2026-06-18,P019,Floor Cleaner,Household,3,234,101
2026-06-19,P019,Floor Cleaner,Household,8,234,93
2026-06-20,P019,Floor Cleaner,Household,5,234,88
2026-06-21,P019,Floor Cleaner,Household,7,234,81
2026-06-22,P019,Floor Cleaner,Household,4,234,77
2026-06-23,P019,Floor Cleaner,Household,8,234,69
2026-06-24,P019,Floor Cleaner,Household,5,234,64
2026-06-25,P019,Floor Cleaner,Household,7,234,57
2026-06-26,P019,Floor Cleaner,Household,4,234,53
2026-06-27,P019,Floor Cleaner,Household,4,234,49
2026-06-28,P019,Floor Cleaner,Household,7,234,42
2026-06-29,P019,Floor Cleaner,Household,4,234,38
2026-06-30,P019,Floor Cleaner,Household,10,234,187
2026-07-01,P019,Floor Cleaner,Household,9,234,178
2026-07-02,P019,Floor Cleaner,Household,6,234,172
2026-07-03,P019,Floor Cleaner,Household,4,234,168
2026-07-04,P019,Floor Cleaner,Household,8,234,160
2026-07-05,P019,Floor Cleaner,Household,12,234,148
2026-07-06,P019,Floor Cleaner,Household,3,234,145
2026-07-07,P019,Floor Cleaner,Household,2,234,143
2026-07-08,P019,Floor Cleaner,Household,4,234,139
2026-07-09,P019,Floor Cleaner,Household,9,234,130
2026-07-10,P019,Floor Cleaner,Household,5,234,125
2026-07-11,P019,Floor Cleaner,Household,4,234,121
2026-07-12,P019,Floor Cleaner,Household,7,234,114
2026-07-13,P019,Floor Cleaner,Household,9,234,105
2026-07-14,P019,Floor Cleaner,Household,10,234,95
2026-07-15,P019,Floor Cleaner,Household,3,234,92
2026-07-16,P019,Floor Cleaner,Household,4,234,88
2026-07-17,P019,Floor Cleaner,Household,5,234,83
2026-07-18,P019,Floor Cleaner,Household,9,234,74
2026-07-19,P019,Floor Cleaner,Household,12,234,62
2026-07-20,P019,Floor Cleaner,Household,7,234,55
2026-07-21,P019,Floor Cleaner,Household,4,234,51
2026-07-22,P019,Floor Cleaner,Household,6,234,45
2026-07-23,P019,Floor Cleaner,Household,3,234,42
2026-07-24,P019,Floor Cleaner,Household,4,234,38
2026-07-25,P019,Floor Cleaner,Household,9,234,188
2026-07-26,P019,Floor Cleaner,Household,9,234,179
2026-07-27,P019,Floor Cleaner,Household,9,234,170
2026-07-28,P019,Floor Cleaner,Household,2,234,168
2026-07-29,P019,Floor Cleaner,Household,6,234,162
2026-07-30,P019,Floor Cleaner,Household,4,234,158
2026-07-31,P019,Floor Cleaner,Household,5,234,153
2026-08-01,P019,Floor Cleaner,Household,7,234,146
2026-08-02,P019,Floor Cleaner,Household,13,234,133
2026-08-03,P019,Floor Cleaner,Household,9,234,124
2026-08-04,P019,Floor Cleaner,Household,3,234,121
2026-08-05,P019,Floor Cleaner,Household,5,234,116
2026-08-06,P019,Floor Cleaner,Household,5,234,111
2026-08-07,P019,Floor Cleaner,Household,4,234,107
2026-08-08,P019,Floor Cleaner,Household,4,234,103
2026-08-09,P019,Floor Cleaner,Household,12,234,91
2026-08-10,P019,Floor Cleaner,Household,4,234,87
2026-08-11,P019,Floor Cleaner,Household,5,234,82
2026-08-12,P019,Floor Cleaner,Household,1,234,81
2026-08-13,P019,Floor Cleaner,Household,2,234,79
2026-08-14,P019,Floor Cleaner,Household,2,234,77
2026-08-15,P019,Floor Cleaner,Household,7,234,70
2026-08-16,P019,Floor Cleaner,Household,10,234,60
2026-08-17,P019,Floor Cleaner,Household,5,234,55
2026-08-18,P019,Floor Cleaner,Household,4,234,51
2026-08-19,P019,Floor Cleaner,Household,3,234,48
2026-08-20,P019,Floor Cleaner,Household,7,234,41
2026-08-21,P019,Floor Cleaner,Household,4,234,37
2026-08-22,P019,Floor Cleaner,Household,3,234,34
2026-08-23,P019,Floor Cleaner,Household,2,234,32
2026-08-24,P019,Floor Cleaner,Household,9,234,182
2026-08-25,P019,Floor Cleaner,Household,3,234,179
2026-08-26,P019,Floor Cleaner,Household,8,234,171
2026-08-27,P019,Floor Cleaner,Household,4,234,167
2026-08-28,P019,Floor Cleaner,Household,1,234,166
2026-08-29,P019,Floor Cleaner,Household,7,234,159
2026-08-30,P019,Floor Cleaner,Household,6,234,153
2026-08-31,P019,Floor Cleaner,Household,3,234,150
2026-09-01,P019,Floor Cleaner,Household,6,234,144
2026-09-02,P019,Floor Cleaner,Household,6,234,138
2026-09-03,P019,Floor Cleaner,Household,3,234,135
2026-09-04,P019,Floor Cleaner,Household,4,234,131
2026-09-05,P019,Floor Cleaner,Household,5,234,126
2026-09-06,P019,Floor Cleaner,Household,9,234,117
2026-09-07,P019,Floor Cleaner,Household,4,234,113
2026-09-08,P019,Floor Cleaner,Household,6,234,107
2026-09-09,P019,Floor Cleaner,Household,7,234,100
2026-09-10,P019,Floor Cleaner,Household,6,234,94
2026-09-11,P019,Floor Cleaner,Household,8,234,86
2026-09-12,P019,Floor Cleaner,Household,8,234,78
2026-09-13,P019,Floor Cleaner,Household,7,234,71
2026-09-14,P019,Floor Cleaner,Household,6,234,65
2026-09-15,P019,Floor Cleaner,Household,6,234,59
2026-09-16,P019,Floor Cleaner,Household,8,234,51
2026-09-17,P019,Floor Cleaner,Household,2,234,49
2026-09-18,P019,Floor Cleaner,Household,6,234,43
2026-09-19,P019,Floor Cleaner,Household,10,234,33
2026-09-20,P019,Floor Cleaner,Household,10,234,182
2026-09-21,P019,Floor Cleaner,Household,5,234,177
2026-09-22,P019,Floor Cleaner,Household,8,234,169
2026-09-23,P019,Floor Cleaner,Household,6,234,163
2026-09-24,P019,Floor Cleaner,Household,5,234,158
2026-09-25,P019,Floor Cleaner,Household,10,234,148
2026-09-26,P019,Floor Cleaner,Household,7,234,141
2026-09-27,P019,Floor Cleaner,Household,4,234,137
2026-04-01,P020,Toilet Cleaner,Household,20,38,311
2026-04-02,P020,Toilet Cleaner,Household,12,38,299
2026-04-03,P020,Toilet Cleaner,Household,14,38,285
2026-04-04,P020,Toilet Cleaner,Household,20,38,265
2026-04-05,P020,Toilet Cleaner,Household,17,38,248
2026-04-06,P020,Toilet Cleaner,Household,9,38,239
2026-04-07,P020,Toilet Cleaner,Household,12,38,227
2026-04-08,P020,Toilet Cleaner,Household,13,38,214
2026-04-09,P020,Toilet Cleaner,Household,14,38,200
2026-04-10,P020,Toilet Cleaner,Household,10,38,190
2026-04-11,P020,Toilet Cleaner,Household,15,38,175
2026-04-12,P020,Toilet Cleaner,Household,25,38,150
2026-04-13,P020,Toilet Cleaner,Household,13,38,137
2026-04-14,P020,Toilet Cleaner,Household,22,38,115
2026-04-15,P020,Toilet Cleaner,Household,21,38,94
2026-04-16,P020,Toilet Cleaner,Household,10,38,84
2026-04-17,P020,Toilet Cleaner,Household,17,38,464
2026-04-18,P020,Toilet Cleaner,Household,15,38,449
2026-04-19,P020,Toilet Cleaner,Household,11,38,438
2026-04-20,P020,Toilet Cleaner,Household,10,38,428
2026-04-21,P020,Toilet Cleaner,Household,12,38,416
2026-04-22,P020,Toilet Cleaner,Household,9,38,407
2026-04-23,P020,Toilet Cleaner,Household,15,38,392
2026-04-24,P020,Toilet Cleaner,Household,15,38,377
2026-04-25,P020,Toilet Cleaner,Household,19,38,358
2026-04-26,P020,Toilet Cleaner,Household,21,38,337
2026-04-27,P020,Toilet Cleaner,Household,19,38,318
2026-04-28,P020,Toilet Cleaner,Household,10,38,308
2026-04-29,P020,Toilet Cleaner,Household,13,38,295
2026-04-30,P020,Toilet Cleaner,Household,17,38,278
2026-05-01,P020,Toilet Cleaner,Household,9,38,269
2026-05-02,P020,Toilet Cleaner,Household,14,38,255
2026-05-03,P020,Toilet Cleaner,Household,14,38,241
2026-05-04,P020,Toilet Cleaner,Household,7,38,234
2026-05-05,P020,Toilet Cleaner,Household,14,38,220
2026-05-06,P020,Toilet Cleaner,Household,12,38,208
2026-05-07,P020,Toilet Cleaner,Household,17,38,191
2026-05-08,P020,Toilet Cleaner,Household,15,38,176
2026-05-09,P020,Toilet Cleaner,Household,22,38,154
2026-05-10,P020,Toilet Cleaner,Household,13,38,141
2026-05-11,P020,Toilet Cleaner,Household,15,38,126
2026-05-12,P020,Toilet Cleaner,Household,13,38,113
2026-05-13,P020,Toilet Cleaner,Household,16,38,97
2026-05-14,P020,Toilet Cleaner,Household,13,38,84
2026-05-15,P020,Toilet Cleaner,Household,15,38,466
2026-05-16,P020,Toilet Cleaner,Household,17,38,449
2026-05-17,P020,Toilet Cleaner,Household,14,38,435
2026-05-18,P020,Toilet Cleaner,Household,16,38,419
2026-05-19,P020,Toilet Cleaner,Household,16,38,403
2026-05-20,P020,Toilet Cleaner,Household,18,38,385
2026-05-21,P020,Toilet Cleaner,Household,13,38,372
2026-05-22,P020,Toilet Cleaner,Household,19,38,353
2026-05-23,P020,Toilet Cleaner,Household,18,38,335
2026-05-24,P020,Toilet Cleaner,Household,14,38,321
2026-05-25,P020,Toilet Cleaner,Household,17,38,304
2026-05-26,P020,Toilet Cleaner,Household,11,38,293
2026-05-27,P020,Toilet Cleaner,Household,8,38,285
2026-05-28,P020,Toilet Cleaner,Household,10,38,275
2026-05-29,P020,Toilet Cleaner,Household,9,38,266
2026-05-30,P020,Toilet Cleaner,Household,12,38,254
2026-05-31,P020,Toilet Cleaner,Household,25,38,229
2026-06-01,P020,Toilet Cleaner,Household,10,38,219
2026-06-02,P020,Toilet Cleaner,Household,8,38,211
2026-06-03,P020,Toilet Cleaner,Household,8,38,203
2026-06-04,P020,Toilet Cleaner,Household,16,38,187
2026-06-05,P020,Toilet Cleaner,Household,15,38,172
2026-06-06,P020,Toilet Cleaner,Household,22,38,150
2026-06-07,P020,Toilet Cleaner,Household,21,38,129
2026-06-08,P020,Toilet Cleaner,Household,9,38,120
2026-06-09,P020,Toilet Cleaner,Household,12,38,108
2026-06-10,P020,Toilet Cleaner,Household,13,38,95
2026-06-11,P020,Toilet Cleaner,Household,9,38,86
2026-06-12,P020,Toilet Cleaner,Household,9,38,474
2026-06-13,P020,Toilet Cleaner,Household,13,38,461
2026-06-14,P020,Toilet Cleaner,Household,19,38,442
2026-06-15,P020,Toilet Cleaner,Household,17,38,425
2026-06-16,P020,Toilet Cleaner,Household,11,38,414
2026-06-17,P020,Toilet Cleaner,Household,18,38,396
2026-06-18,P020,Toilet Cleaner,Household,16,38,380
2026-06-19,P020,Toilet Cleaner,Household,14,38,366
2026-06-20,P020,Toilet Cleaner,Household,8,38,358
2026-06-21,P020,Toilet Cleaner,Household,10,38,348
2026-06-22,P020,Toilet Cleaner,Household,14,38,334
2026-06-23,P020,Toilet Cleaner,Household,11,38,323
2026-06-24,P020,Toilet Cleaner,Household,8,38,315
2026-06-25,P020,Toilet Cleaner,Household,15,38,300
2026-06-26,P020,Toilet Cleaner,Household,14,38,286
2026-06-27,P020,Toilet Cleaner,Household,13,38,273
2026-06-28,P020,Toilet Cleaner,Household,17,38,256
2026-06-29,P020,Toilet Cleaner,Household,9,38,247
2026-06-30,P020,Toilet Cleaner,Household,22,38,225
2026-07-01,P020,Toilet Cleaner,Household,12,38,213
2026-07-02,P020,Toilet Cleaner,Household,11,38,202
2026-07-03,P020,Toilet Cleaner,Household,14,38,188
2026-07-04,P020,Toilet Cleaner,Household,20,38,168
2026-07-05,P020,Toilet Cleaner,Household,15,38,153
2026-07-06,P020,Toilet Cleaner,Household,11,38,142
2026-07-07,P020,Toilet Cleaner,Household,11,38,131
2026-07-08,P020,Toilet Cleaner,Household,13,38,118
2026-07-09,P020,Toilet Cleaner,Household,18,38,100
2026-07-10,P020,Toilet Cleaner,Household,14,38,86
2026-07-11,P020,Toilet Cleaner,Household,14,38,469
2026-07-12,P020,Toilet Cleaner,Household,14,38,455
2026-07-13,P020,Toilet Cleaner,Household,18,38,437
2026-07-14,P020,Toilet Cleaner,Household,11,38,426
2026-07-15,P020,Toilet Cleaner,Household,17,38,409
2026-07-16,P020,Toilet Cleaner,Household,14,38,395
2026-07-17,P020,Toilet Cleaner,Household,10,38,385
2026-07-18,P020,Toilet Cleaner,Household,11,38,374
2026-07-19,P020,Toilet Cleaner,Household,17,38,357
2026-07-20,P020,Toilet Cleaner,Household,10,38,347
2026-07-21,P020,Toilet Cleaner,Household,12,38,335
2026-07-22,P020,Toilet Cleaner,Household,15,38,320
2026-07-23,P020,Toilet Cleaner,Household,19,38,301
2026-07-24,P020,Toilet Cleaner,Household,9,38,292
2026-07-25,P020,Toilet Cleaner,Household,19,38,273
2026-07-26,P020,Toilet Cleaner,Household,20,38,253
2026-07-27,P020,Toilet Cleaner,Household,9,38,244
2026-07-28,P020,Toilet Cleaner,Household,17,38,227
2026-07-29,P020,Toilet Cleaner,Household,10,38,217
2026-07-30,P020,Toilet Cleaner,Household,12,38,205
2026-07-31,P020,Toilet Cleaner,Household,16,38,189
2026-08-01,P020,Toilet Cleaner,Household,20,38,169
2026-08-02,P020,Toilet Cleaner,Household,21,38,148
2026-08-03,P020,Toilet Cleaner,Household,12,38,136
2026-08-04,P020,Toilet Cleaner,Household,14,38,122
2026-08-05,P020,Toilet Cleaner,Household,11,38,111
2026-08-06,P020,Toilet Cleaner,Household,13,38,98
2026-08-07,P020,Toilet Cleaner,Household,10,38,88
2026-08-08,P020,Toilet Cleaner,Household,18,38,467
2026-08-09,P020,Toilet Cleaner,Household,11,38,456
2026-08-10,P020,Toilet Cleaner,Household,21,38,435
2026-08-11,P020,Toilet Cleaner,Household,11,38,424
2026-08-12,P020,Toilet Cleaner,Household,13,38,411
2026-08-13,P020,Toilet Cleaner,Household,14,38,397
2026-08-14,P020,Toilet Cleaner,Household,4,38,393
2026-08-15,P020,Toilet Cleaner,Household,12,38,381
2026-08-16,P020,Toilet Cleaner,Household,15,38,366
2026-08-17,P020,Toilet Cleaner,Household,19,38,347
2026-08-18,P020,Toilet Cleaner,Household,14,38,333
2026-08-19,P020,Toilet Cleaner,Household,17,38,316
2026-08-20,P020,Toilet Cleaner,Household,11,38,305
2026-08-21,P020,Toilet Cleaner,Household,10,38,295
2026-08-22,P020,Toilet Cleaner,Household,11,38,284
2026-08-23,P020,Toilet Cleaner,Household,21,38,263
2026-08-24,P020,Toilet Cleaner,Household,14,38,249
2026-08-25,P020,Toilet Cleaner,Household,12,38,237
2026-08-26,P020,Toilet Cleaner,Household,15,38,222
2026-08-27,P020,Toilet Cleaner,Household,11,38,211
2026-08-28,P020,Toilet Cleaner,Household,9,38,202
2026-08-29,P020,Toilet Cleaner,Household,26,38,176
2026-08-30,P020,Toilet Cleaner,Household,19,38,157
2026-08-31,P020,Toilet Cleaner,Household,11,38,146
2026-09-01,P020,Toilet Cleaner,Household,12,38,134
2026-09-02,P020,Toilet Cleaner,Household,10,38,124
2026-09-03,P020,Toilet Cleaner,Household,14,38,110
2026-09-04,P020,Toilet Cleaner,Household,16,38,94
2026-09-05,P020,Toilet Cleaner,Household,18,38,473
2026-09-06,P020,Toilet Cleaner,Household,11,38,462
2026-09-07,P020,Toilet Cleaner,Household,15,38,447
2026-09-08,P020,Toilet Cleaner,Household,17,38,430
2026-09-09,P020,Toilet Cleaner,Household,21,38,409
2026-09-10,P020,Toilet Cleaner,Household,8,38,401
2026-09-11,P020,Toilet Cleaner,Household,20,38,381
2026-09-12,P020,Toilet Cleaner,Household,17,38,364
2026-09-13,P020,Toilet Cleaner,Household,17,38,347
2026-09-14,P020,Toilet Cleaner,Household,10,38,337
2026-09-15,P020,Toilet Cleaner,Household,12,38,325
2026-09-16,P020,Toilet Cleaner,Household,15,38,310
2026-09-17,P020,Toilet Cleaner,Household,12,38,298
2026-09-18,P020,Toilet Cleaner,Household,15,38,283
2026-09-19,P020,Toilet Cleaner,Household,17,38,266
2026-09-20,P020,Toilet Cleaner,Household,13,38,253
2026-09-21,P020,Toilet Cleaner,Household,23,38,230
2026-09-22,P020,Toilet Cleaner,Household,19,38,211
2026-09-23,P020,Toilet Cleaner,Household,19,38,192
2026-09-24,P020,Toilet Cleaner,Household,17,38,175
2026-09-25,P020,Toilet Cleaner,Household,13,38,162
2026-09-26,P020,Toilet Cleaner,Household,26,38,136
2026-09-27,P020,Toilet Cleaner,Household,20,38,116
2026-04-01,P021,Phenyl 1L,Household,17,416,420
2026-04-02,P021,Phenyl 1L,Household,14,416,406
2026-04-03,P021,Phenyl 1L,Household,19,416,387
2026-04-04,P021,Phenyl 1L,Household,19,416,368
2026-04-05,P021,Phenyl 1L,Household,26,416,342
2026-04-06,P021,Phenyl 1L,Household,17,416,325
2026-04-07,P021,Phenyl 1L,Household,6,416,319
2026-04-08,P021,Phenyl 1L,Household,16,416,303
2026-04-09,P021,Phenyl 1L,Household,20,416,283
2026-04-10,P021,Phenyl 1L,Household,14,416,269
2026-04-11,P021,Phenyl 1L,Household,21,416,248
2026-04-12,P021,Phenyl 1L,Household,22,416,226
2026-04-13,P021,Phenyl 1L,Household,18,416,208
2026-04-14,P021,Phenyl 1L,Household,16,416,192
2026-04-15,P021,Phenyl 1L,Household,13,416,179
2026-04-16,P021,Phenyl 1L,Household,15,416,164
2026-04-17,P021,Phenyl 1L,Household,16,416,148
2026-04-18,P021,Phenyl 1L,Household,25,416,123
2026-04-19,P021,Phenyl 1L,Household,22,416,626
2026-04-20,P021,Phenyl 1L,Household,19,416,607
2026-04-21,P021,Phenyl 1L,Household,15,416,592
2026-04-22,P021,Phenyl 1L,Household,18,416,574
2026-04-23,P021,Phenyl 1L,Household,23,416,551
2026-04-24,P021,Phenyl 1L,Household,25,416,526
2026-04-25,P021,Phenyl 1L,Household,18,416,508
2026-04-26,P021,Phenyl 1L,Household,20,416,488
2026-04-27,P021,Phenyl 1L,Household,16,416,472
2026-04-28,P021,Phenyl 1L,Household,12,416,460
2026-04-29,P021,Phenyl 1L,Household,21,416,439
2026-04-30,P021,Phenyl 1L,Household,13,416,426
2026-05-01,P021,Phenyl 1L,Household,15,416,411
2026-05-02,P021,Phenyl 1L,Household,23,416,388
2026-05-03,P021,Phenyl 1L,Household,26,416,362
2026-05-04,P021,Phenyl 1L,Household,19,416,343
2026-05-05,P021,Phenyl 1L,Household,15,416,328
2026-05-06,P021,Phenyl 1L,Household,18,416,310
2026-05-07,P021,Phenyl 1L,Household,13,416,297
2026-05-08,P021,Phenyl 1L,Household,21,416,276
2026-05-09,P021,Phenyl 1L,Household,21,416,255
2026-05-10,P021,Phenyl 1L,Household,26,416,229
2026-05-11,P021,Phenyl 1L,Household,15,416,214
2026-05-12,P021,Phenyl 1L,Household,15,416,199
2026-05-13,P021,Phenyl 1L,Household,31,416,168
2026-05-14,P021,Phenyl 1L,Household,13,416,155
2026-05-15,P021,Phenyl 1L,Household,12,416,143
2026-05-16,P021,Phenyl 1L,Household,31,416,112
2026-05-17,P021,Phenyl 1L,Household,27,416,610
2026-05-18,P021,Phenyl 1L,Household,11,416,599
2026-05-19,P021,Phenyl 1L,Household,16,416,583
2026-05-20,P021,Phenyl 1L,Household,20,416,563
2026-05-21,P021,Phenyl 1L,Household,15,416,548
2026-05-22,P021,Phenyl 1L,Household,22,416,526
2026-05-23,P021,Phenyl 1L,Household,24,416,502
2026-05-24,P021,Phenyl 1L,Household,18,416,484
2026-05-25,P021,Phenyl 1L,Household,18,416,466
2026-05-26,P021,Phenyl 1L,Household,22,416,444
2026-05-27,P021,Phenyl 1L,Household,29,416,415
2026-05-28,P021,Phenyl 1L,Household,17,416,398
2026-05-29,P021,Phenyl 1L,Household,18,416,380
2026-05-30,P021,Phenyl 1L,Household,23,416,357
2026-05-31,P021,Phenyl 1L,Household,17,416,340
2026-06-01,P021,Phenyl 1L,Household,20,416,320
2026-06-02,P021,Phenyl 1L,Household,16,416,304
2026-06-03,P021,Phenyl 1L,Household,21,416,283
2026-06-04,P021,Phenyl 1L,Household,18,416,265
2026-06-05,P021,Phenyl 1L,Household,14,416,251
2026-06-06,P021,Phenyl 1L,Household,13,416,238
2026-06-07,P021,Phenyl 1L,Household,18,416,220
2026-06-08,P021,Phenyl 1L,Household,18,416,202
2026-06-09,P021,Phenyl 1L,Household,15,416,187
2026-06-10,P021,Phenyl 1L,Household,23,416,164
2026-06-11,P021,Phenyl 1L,Household,12,416,152
2026-06-12,P021,Phenyl 1L,Household,22,416,130
2026-06-13,P021,Phenyl 1L,Household,20,416,110
2026-06-14,P021,Phenyl 1L,Household,23,416,612
2026-06-15,P021,Phenyl 1L,Household,14,416,598
2026-06-16,P021,Phenyl 1L,Household,15,416,583
2026-06-17,P021,Phenyl 1L,Household,21,416,562
2026-06-18,P021,Phenyl 1L,Household,13,416,549
2026-06-19,P021,Phenyl 1L,Household,20,416,529
2026-06-20,P021,Phenyl 1L,Household,25,416,504
2026-06-21,P021,Phenyl 1L,Household,30,416,474
2026-06-22,P021,Phenyl 1L,Household,18,416,456
2026-06-23,P021,Phenyl 1L,Household,13,416,443
2026-06-24,P021,Phenyl 1L,Household,19,416,424
2026-06-25,P021,Phenyl 1L,Household,31,416,393
2026-06-26,P021,Phenyl 1L,Household,21,416,372
2026-06-27,P021,Phenyl 1L,Household,21,416,351
2026-06-28,P021,Phenyl 1L,Household,25,416,326
2026-06-29,P021,Phenyl 1L,Household,15,416,311
2026-06-30,P021,Phenyl 1L,Household,19,416,292
2026-07-01,P021,Phenyl 1L,Household,19,416,273
2026-07-02,P021,Phenyl 1L,Household,23,416,250
2026-07-03,P021,Phenyl 1L,Household,19,416,231
2026-07-04,P021,Phenyl 1L,Household,25,416,206
2026-07-05,P021,Phenyl 1L,Household,25,416,181
2026-07-06,P021,Phenyl 1L,Household,19,416,162
2026-07-07,P021,Phenyl 1L,Household,15,416,147
2026-07-08,P021,Phenyl 1L,Household,26,416,121
2026-07-09,P021,Phenyl 1L,Household,14,416,107
2026-07-10,P021,Phenyl 1L,Household,24,416,608
2026-07-11,P021,Phenyl 1L,Household,14,416,594
2026-07-12,P021,Phenyl 1L,Household,28,416,566
2026-07-13,P021,Phenyl 1L,Household,11,416,555
2026-07-14,P021,Phenyl 1L,Household,8,416,547
2026-07-15,P021,Phenyl 1L,Household,24,416,523
2026-07-16,P021,Phenyl 1L,Household,27,416,496
2026-07-17,P021,Phenyl 1L,Household,19,416,477
2026-07-18,P021,Phenyl 1L,Household,26,416,451
2026-07-19,P021,Phenyl 1L,Household,21,416,430
2026-07-20,P021,Phenyl 1L,Household,22,416,408
2026-07-21,P021,Phenyl 1L,Household,11,416,397
2026-07-22,P021,Phenyl 1L,Household,19,416,378
2026-07-23,P021,Phenyl 1L,Household,20,416,358
2026-07-24,P021,Phenyl 1L,Household,22,416,336
2026-07-25,P021,Phenyl 1L,Household,17,416,319
2026-07-26,P021,Phenyl 1L,Household,22,416,297
2026-07-27,P021,Phenyl 1L,Household,15,416,282
2026-07-28,P021,Phenyl 1L,Household,13,416,269
2026-07-29,P021,Phenyl 1L,Household,17,416,252
2026-07-30,P021,Phenyl 1L,Household,19,416,233
2026-07-31,P021,Phenyl 1L,Household,14,416,219
2026-08-01,P021,Phenyl 1L,Household,29,416,190
2026-08-02,P021,Phenyl 1L,Household,25,416,165
2026-08-03,P021,Phenyl 1L,Household,19,416,146
2026-08-04,P021,Phenyl 1L,Household,20,416,126
2026-08-05,P021,Phenyl 1L,Household,13,416,113
2026-08-06,P021,Phenyl 1L,Household,17,416,621
2026-08-07,P021,Phenyl 1L,Household,27,416,594
2026-08-08,P021,Phenyl 1L,Household,23,416,571
2026-08-09,P021,Phenyl 1L,Household,16,416,555
2026-08-10,P021,Phenyl 1L,Household,19,416,536
2026-08-11,P021,Phenyl 1L,Household,20,416,516
2026-08-12,P021,Phenyl 1L,Household,13,416,503
2026-08-13,P021,Phenyl 1L,Household,15,416,488
2026-08-14,P021,Phenyl 1L,Household,21,416,467
2026-08-15,P021,Phenyl 1L,Household,17,416,450
2026-08-16,P021,Phenyl 1L,Household,18,416,432
2026-08-17,P021,Phenyl 1L,Household,23,416,409
2026-08-18,P021,Phenyl 1L,Household,19,416,390
2026-08-19,P021,Phenyl 1L,Household,12,416,378
2026-08-20,P021,Phenyl 1L,Household,18,416,360
2026-08-21,P021,Phenyl 1L,Household,22,416,338
2026-08-22,P021,Phenyl 1L,Household,18,416,320
2026-08-23,P021,Phenyl 1L,Household,23,416,297
2026-08-24,P021,Phenyl 1L,Household,20,416,277
2026-08-25,P021,Phenyl 1L,Household,17,416,260
2026-08-26,P021,Phenyl 1L,Household,19,416,241
2026-08-27,P021,Phenyl 1L,Household,23,416,218
2026-08-28,P021,Phenyl 1L,Household,34,416,184
2026-08-29,P021,Phenyl 1L,Household,17,416,167
2026-08-30,P021,Phenyl 1L,Household,14,416,153
2026-08-31,P021,Phenyl 1L,Household,18,416,135
2026-09-01,P021,Phenyl 1L,Household,17,416,118
2026-09-02,P021,Phenyl 1L,Household,29,416,614
2026-09-03,P021,Phenyl 1L,Household,19,416,595
2026-09-04,P021,Phenyl 1L,Household,15,416,580
2026-09-05,P021,Phenyl 1L,Household,21,416,559
2026-09-06,P021,Phenyl 1L,Household,20,416,539
2026-09-07,P021,Phenyl 1L,Household,10,416,529
2026-09-08,P021,Phenyl 1L,Household,14,416,515
2026-09-09,P021,Phenyl 1L,Household,20,416,495
2026-09-10,P021,Phenyl 1L,Household,17,416,478
2026-09-11,P021,Phenyl 1L,Household,14,416,464
2026-09-12,P021,Phenyl 1L,Household,17,416,447
2026-09-13,P021,Phenyl 1L,Household,25,416,422
2026-09-14,P021,Phenyl 1L,Household,17,416,405
2026-09-15,P021,Phenyl 1L,Household,22,416,383
2026-09-16,P021,Phenyl 1L,Household,15,416,368
2026-09-17,P021,Phenyl 1L,Household,23,416,345
2026-09-18,P021,Phenyl 1L,Household,15,416,330
2026-09-19,P021,Phenyl 1L,Household,22,416,308
2026-09-20,P021,Phenyl 1L,Household,18,416,290
2026-09-21,P021,Phenyl 1L,Household,19,416,271
2026-09-22,P021,Phenyl 1L,Household,15,416,256
2026-09-23,P021,Phenyl 1L,Household,21,416,235
2026-09-24,P021,Phenyl 1L,Household,20,416,215
2026-09-25,P021,Phenyl 1L,Household,16,416,199
2026-09-26,P021,Phenyl 1L,Household,17,416,182
2026-09-27,P021,Phenyl 1L,Household,20,416,162
2026-04-01,P022,Shampoo 340ml,Personal Care,5,340,192
2026-04-02,P022,Shampoo 340ml,Personal Care,7,340,185
2026-04-03,P022,Shampoo 340ml,Personal Care,8,340,177
2026-04-04,P022,Shampoo 340ml,Personal Care,8,340,169
2026-04-05,P022,Shampoo 340ml,Personal Care,9,340,160
2026-04-06,P022,Shampoo 340ml,Personal Care,9,340,151
2026-04-07,P022,Shampoo 340ml,Personal Care,10,340,141
2026-04-08,P022,Shampoo 340ml,Personal Care,5,340,136
2026-04-09,P022,Shampoo 340ml,Personal Care,8,340,128
2026-04-10,P022,Shampoo 340ml,Personal Care,6,340,122
2026-04-11,P022,Shampoo 340ml,Personal Care,11,340,111
2026-04-12,P022,Shampoo 340ml,Personal Care,8,340,103
2026-04-13,P022,Shampoo 340ml,Personal Care,7,340,96
2026-04-14,P022,Shampoo 340ml,Personal Care,6,340,90
2026-04-15,P022,Shampoo 340ml,Personal Care,9,340,81
2026-04-16,P022,Shampoo 340ml,Personal Care,6,340,75
2026-04-17,P022,Shampoo 340ml,Personal Care,6,340,69
2026-04-18,P022,Shampoo 340ml,Personal Care,6,340,63
2026-04-19,P022,Shampoo 340ml,Personal Care,13,340,50
2026-04-20,P022,Shampoo 340ml,Personal Care,7,340,279
2026-04-21,P022,Shampoo 340ml,Personal Care,7,340,272
2026-04-22,P022,Shampoo 340ml,Personal Care,6,340,266
2026-04-23,P022,Shampoo 340ml,Personal Care,6,340,260
2026-04-24,P022,Shampoo 340ml,Personal Care,11,340,249
2026-04-25,P022,Shampoo 340ml,Personal Care,9,340,240
2026-04-26,P022,Shampoo 340ml,Personal Care,9,340,231
2026-04-27,P022,Shampoo 340ml,Personal Care,7,340,224
2026-04-28,P022,Shampoo 340ml,Personal Care,16,340,208
2026-04-29,P022,Shampoo 340ml,Personal Care,8,340,200
2026-04-30,P022,Shampoo 340ml,Personal Care,8,340,192
2026-05-01,P022,Shampoo 340ml,Personal Care,7,340,185
2026-05-02,P022,Shampoo 340ml,Personal Care,7,340,178
2026-05-03,P022,Shampoo 340ml,Personal Care,13,340,165
2026-05-04,P022,Shampoo 340ml,Personal Care,10,340,155
2026-05-05,P022,Shampoo 340ml,Personal Care,6,340,149
2026-05-06,P022,Shampoo 340ml,Personal Care,10,340,139
2026-05-07,P022,Shampoo 340ml,Personal Care,10,340,129
2026-05-08,P022,Shampoo 340ml,Personal Care,11,340,118
2026-05-09,P022,Shampoo 340ml,Personal Care,9,340,109
2026-05-10,P022,Shampoo 340ml,Personal Care,7,340,102
2026-05-11,P022,Shampoo 340ml,Personal Care,10,340,92
2026-05-12,P022,Shampoo 340ml,Personal Care,6,340,86
2026-05-13,P022,Shampoo 340ml,Personal Care,9,340,77
2026-05-14,P022,Shampoo 340ml,Personal Care,12,340,65
2026-05-15,P022,Shampoo 340ml,Personal Care,14,340,51
2026-05-16,P022,Shampoo 340ml,Personal Care,10,340,277
2026-05-17,P022,Shampoo 340ml,Personal Care,8,340,269
2026-05-18,P022,Shampoo 340ml,Personal Care,9,340,260
2026-05-19,P022,Shampoo 340ml,Personal Care,5,340,255
2026-05-20,P022,Shampoo 340ml,Personal Care,3,340,252
2026-05-21,P022,Shampoo 340ml,Personal Care,9,340,243
2026-05-22,P022,Shampoo 340ml,Personal Care,9,340,234
2026-05-23,P022,Shampoo 340ml,Personal Care,7,340,227
2026-05-24,P022,Shampoo 340ml,Personal Care,9,340,218
2026-05-25,P022,Shampoo 340ml,Personal Care,7,340,211
2026-05-26,P022,Shampoo 340ml,Personal Care,4,340,207
2026-05-27,P022,Shampoo 340ml,Personal Care,10,340,197
2026-05-28,P022,Shampoo 340ml,Personal Care,8,340,189
2026-05-29,P022,Shampoo 340ml,Personal Care,5,340,184
2026-05-30,P022,Shampoo 340ml,Personal Care,15,340,169
2026-05-31,P022,Shampoo 340ml,Personal Care,5,340,164
2026-06-01,P022,Shampoo 340ml,Personal Care,3,340,161
2026-06-02,P022,Shampoo 340ml,Personal Care,10,340,151
2026-06-03,P022,Shampoo 340ml,Personal Care,11,340,140
2026-06-04,P022,Shampoo 340ml,Personal Care,7,340,133
2026-06-05,P022,Shampoo 340ml,Personal Care,13,340,120
2026-06-06,P022,Shampoo 340ml,Personal Care,13,340,107
2026-06-07,P022,Shampoo 340ml,Personal Care,8,340,99
2026-06-08,P022,Shampoo 340ml,Personal Care,9,340,90
2026-06-09,P022,Shampoo 340ml,Personal Care,6,340,84
2026-06-10,P022,Shampoo 340ml,Personal Care,10,340,74
2026-06-11,P022,Shampoo 340ml,Personal Care,14,340,60
2026-06-12,P022,Shampoo 340ml,Personal Care,9,340,51
2026-06-13,P022,Shampoo 340ml,Personal Care,10,340,277
2026-06-14,P022,Shampoo 340ml,Personal Care,12,340,265
2026-06-15,P022,Shampoo 340ml,Personal Care,3,340,262
2026-06-16,P022,Shampoo 340ml,Personal Care,6,340,256
2026-06-17,P022,Shampoo 340ml,Personal Care,11,340,245
2026-06-18,P022,Shampoo 340ml,Personal Care,10,340,235
2026-06-19,P022,Shampoo 340ml,Personal Care,10,340,225
2026-06-20,P022,Shampoo 340ml,Personal Care,9,340,216
2026-06-21,P022,Shampoo 340ml,Personal Care,11,340,205
2026-06-22,P022,Shampoo 340ml,Personal Care,5,340,200
2026-06-23,P022,Shampoo 340ml,Personal Care,9,340,191
2026-06-24,P022,Shampoo 340ml,Personal Care,7,340,184
2026-06-25,P022,Shampoo 340ml,Personal Care,7,340,177
2026-06-26,P022,Shampoo 340ml,Personal Care,6,340,171
2026-06-27,P022,Shampoo 340ml,Personal Care,8,340,163
2026-06-28,P022,Shampoo 340ml,Personal Care,9,340,154
2026-06-29,P022,Shampoo 340ml,Personal Care,11,340,143
2026-06-30,P022,Shampoo 340ml,Personal Care,1,340,142
2026-07-01,P022,Shampoo 340ml,Personal Care,9,340,133
2026-07-02,P022,Shampoo 340ml,Personal Care,9,340,124
2026-07-03,P022,Shampoo 340ml,Personal Care,10,340,114
2026-07-04,P022,Shampoo 340ml,Personal Care,15,340,99
2026-07-05,P022,Shampoo 340ml,Personal Care,9,340,90
2026-07-06,P022,Shampoo 340ml,Personal Care,7,340,83
2026-07-07,P022,Shampoo 340ml,Personal Care,9,340,74
2026-07-08,P022,Shampoo 340ml,Personal Care,6,340,68
2026-07-09,P022,Shampoo 340ml,Personal Care,8,340,60
2026-07-10,P022,Shampoo 340ml,Personal Care,5,340,55
2026-07-11,P022,Shampoo 340ml,Personal Care,8,340,283
2026-07-12,P022,Shampoo 340ml,Personal Care,7,340,276
2026-07-13,P022,Shampoo 340ml,Personal Care,9,340,267
2026-07-14,P022,Shampoo 340ml,Personal Care,6,340,261
2026-07-15,P022,Shampoo 340ml,Personal Care,10,340,251
2026-07-16,P022,Shampoo 340ml,Personal Care,7,340,244
2026-07-17,P022,Shampoo 340ml,Personal Care,4,340,240
2026-07-18,P022,Shampoo 340ml,Personal Care,12,340,228
2026-07-19,P022,Shampoo 340ml,Personal Care,13,340,215
2026-07-20,P022,Shampoo 340ml,Personal Care,6,340,209
2026-07-21,P022,Shampoo 340ml,Personal Care,9,340,200
2026-07-22,P022,Shampoo 340ml,Personal Care,11,340,189
2026-07-23,P022,Shampoo 340ml,Personal Care,8,340,181
2026-07-24,P022,Shampoo 340ml,Personal Care,4,340,177
2026-07-25,P022,Shampoo 340ml,Personal Care,11,340,166
2026-07-26,P022,Shampoo 340ml,Personal Care,11,340,155
2026-07-27,P022,Shampoo 340ml,Personal Care,9,340,146
2026-07-28,P022,Shampoo 340ml,Personal Care,5,340,141
2026-07-29,P022,Shampoo 340ml,Personal Care,8,340,133
2026-07-30,P022,Shampoo 340ml,Personal Care,8,340,125
2026-07-31,P022,Shampoo 340ml,Personal Care,10,340,115
2026-08-01,P022,Shampoo 340ml,Personal Care,10,340,105
2026-08-02,P022,Shampoo 340ml,Personal Care,13,340,92
2026-08-03,P022,Shampoo 340ml,Personal Care,4,340,88
2026-08-04,P022,Shampoo 340ml,Personal Care,7,340,81
2026-08-05,P022,Shampoo 340ml,Personal Care,11,340,70
2026-08-06,P022,Shampoo 340ml,Personal Care,4,340,66
2026-08-07,P022,Shampoo 340ml,Personal Care,6,340,60
2026-08-08,P022,Shampoo 340ml,Personal Care,8,340,52
2026-08-09,P022,Shampoo 340ml,Personal Care,10,340,278
2026-08-10,P022,Shampoo 340ml,Personal Care,5,340,273
2026-08-11,P022,Shampoo 340ml,Personal Care,13,340,260
2026-08-12,P022,Shampoo 340ml,Personal Care,8,340,252
2026-08-13,P022,Shampoo 340ml,Personal Care,6,340,246
2026-08-14,P022,Shampoo 340ml,Personal Care,8,340,238
2026-08-15,P022,Shampoo 340ml,Personal Care,4,340,234
2026-08-16,P022,Shampoo 340ml,Personal Care,4,340,230
2026-08-17,P022,Shampoo 340ml,Personal Care,11,340,219
2026-08-18,P022,Shampoo 340ml,Personal Care,5,340,214
2026-08-19,P022,Shampoo 340ml,Personal Care,15,340,199
2026-08-20,P022,Shampoo 340ml,Personal Care,8,340,191
2026-08-21,P022,Shampoo 340ml,Personal Care,3,340,188
2026-08-22,P022,Shampoo 340ml,Personal Care,13,340,175
2026-08-23,P022,Shampoo 340ml,Personal Care,5,340,170
2026-08-24,P022,Shampoo 340ml,Personal Care,6,340,164
2026-08-25,P022,Shampoo 340ml,Personal Care,6,340,158
2026-08-26,P022,Shampoo 340ml,Personal Care,7,340,151
2026-08-27,P022,Shampoo 340ml,Personal Care,8,340,143
2026-08-28,P022,Shampoo 340ml,Personal Care,5,340,138
2026-08-29,P022,Shampoo 340ml,Personal Care,12,340,126
2026-08-30,P022,Shampoo 340ml,Personal Care,14,340,112
2026-08-31,P022,Shampoo 340ml,Personal Care,5,340,107
2026-09-01,P022,Shampoo 340ml,Personal Care,10,340,97
2026-09-02,P022,Shampoo 340ml,Personal Care,8,340,89
2026-09-03,P022,Shampoo 340ml,Personal Care,8,340,81
2026-09-04,P022,Shampoo 340ml,Personal Care,5,340,76
2026-09-05,P022,Shampoo 340ml,Personal Care,12,340,64
2026-09-06,P022,Shampoo 340ml,Personal Care,10,340,54
2026-09-07,P022,Shampoo 340ml,Personal Care,7,340,283
2026-09-08,P022,Shampoo 340ml,Personal Care,3,340,280
2026-09-09,P022,Shampoo 340ml,Personal Care,9,340,271
2026-09-10,P022,Shampoo 340ml,Personal Care,8,340,263
2026-09-11,P022,Shampoo 340ml,Personal Care,9,340,254
2026-09-12,P022,Shampoo 340ml,Personal Care,8,340,246
2026-09-13,P022,Shampoo 340ml,Personal Care,7,340,239
2026-09-14,P022,Shampoo 340ml,Personal Care,6,340,233
2026-09-15,P022,Shampoo 340ml,Personal Care,8,340,225
2026-09-16,P022,Shampoo 340ml,Personal Care,15,340,210
2026-09-17,P022,Shampoo 340ml,Personal Care,10,340,200
2026-09-18,P022,Shampoo 340ml,Personal Care,6,340,194
2026-09-19,P022,Shampoo 340ml,Personal Care,7,340,187
2026-09-20,P022,Shampoo 340ml,Personal Care,11,340,176
2026-09-21,P022,Shampoo 340ml,Personal Care,12,340,164
2026-09-22,P022,Shampoo 340ml,Personal Care,3,340,161
2026-09-23,P022,Shampoo 340ml,Personal Care,11,340,150
2026-09-24,P022,Shampoo 340ml,Personal Care,14,340,136
2026-09-25,P022,Shampoo 340ml,Personal Care,7,340,129
2026-09-26,P022,Shampoo 340ml,Personal Care,12,340,117
2026-09-27,P022,Shampoo 340ml,Personal Care,13,340,104
2026-04-01,P023,Soap 4-Pack,Personal Care,9,409,242
2026-04-02,P023,Soap 4-Pack,Personal Care,9,409,233
2026-04-03,P023,Soap 4-Pack,Personal Care,7,409,226
2026-04-04,P023,Soap 4-Pack,Personal Care,14,409,212
2026-04-05,P023,Soap 4-Pack,Personal Care,19,409,193
2026-04-06,P023,Soap 4-Pack,Personal Care,6,409,187
2026-04-07,P023,Soap 4-Pack,Personal Care,9,409,178
2026-04-08,P023,Soap 4-Pack,Personal Care,8,409,170
2026-04-09,P023,Soap 4-Pack,Personal Care,15,409,155
2026-04-10,P023,Soap 4-Pack,Personal Care,11,409,144
2026-04-11,P023,Soap 4-Pack,Personal Care,16,409,128
2026-04-12,P023,Soap 4-Pack,Personal Care,13,409,115
2026-04-13,P023,Soap 4-Pack,Personal Care,4,409,111
2026-04-14,P023,Soap 4-Pack,Personal Care,10,409,101
2026-04-15,P023,Soap 4-Pack,Personal Care,9,409,92
2026-04-16,P023,Soap 4-Pack,Personal Care,14,409,78
2026-04-17,P023,Soap 4-Pack,Personal Care,14,409,64
2026-04-18,P023,Soap 4-Pack,Personal Care,10,409,355
2026-04-19,P023,Soap 4-Pack,Personal Care,15,409,340
2026-04-20,P023,Soap 4-Pack,Personal Care,16,409,324
2026-04-21,P023,Soap 4-Pack,Personal Care,11,409,313
2026-04-22,P023,Soap 4-Pack,Personal Care,9,409,304
2026-04-23,P023,Soap 4-Pack,Personal Care,7,409,297
2026-04-24,P023,Soap 4-Pack,Personal Care,10,409,287
2026-04-25,P023,Soap 4-Pack,Personal Care,17,409,270
2026-04-26,P023,Soap 4-Pack,Personal Care,14,409,256
2026-04-27,P023,Soap 4-Pack,Personal Care,9,409,247
2026-04-28,P023,Soap 4-Pack,Personal Care,12,409,235
2026-04-29,P023,Soap 4-Pack,Personal Care,9,409,226
2026-04-30,P023,Soap 4-Pack,Personal Care,10,409,216
2026-05-01,P023,Soap 4-Pack,Personal Care,7,409,209
2026-05-02,P023,Soap 4-Pack,Personal Care,12,409,197
2026-05-03,P023,Soap 4-Pack,Personal Care,15,409,182
2026-05-04,P023,Soap 4-Pack,Personal Care,10,409,172
2026-05-05,P023,Soap 4-Pack,Personal Care,11,409,161
2026-05-06,P023,Soap 4-Pack,Personal Care,10,409,151
2026-05-07,P023,Soap 4-Pack,Personal Care,4,409,147
2026-05-08,P023,Soap 4-Pack,Personal Care,13,409,134
2026-05-09,P023,Soap 4-Pack,Personal Care,15,409,119
2026-05-10,P023,Soap 4-Pack,Personal Care,19,409,100
2026-05-11,P023,Soap 4-Pack,Personal Care,5,409,95
2026-05-12,P023,Soap 4-Pack,Personal Care,10,409,85
2026-05-13,P023,Soap 4-Pack,Personal Care,7,409,78
2026-05-14,P023,Soap 4-Pack,Personal Care,13,409,65
2026-05-15,P023,Soap 4-Pack,Personal Care,12,409,354
2026-05-16,P023,Soap 4-Pack,Personal Care,17,409,337
2026-05-17,P023,Soap 4-Pack,Personal Care,18,409,319
2026-05-18,P023,Soap 4-Pack,Personal Care,8,409,311
2026-05-19,P023,Soap 4-Pack,Personal Care,8,409,303
2026-05-20,P023,Soap 4-Pack,Personal Care,5,409,298
2026-05-21,P023,Soap 4-Pack,Personal Care,6,409,292
2026-05-22,P023,Soap 4-Pack,Personal Care,9,409,283
2026-05-23,P023,Soap 4-Pack,Personal Care,13,409,270
2026-05-24,P023,Soap 4-Pack,Personal Care,11,409,259
2026-05-25,P023,Soap 4-Pack,Personal Care,13,409,246
2026-05-26,P023,Soap 4-Pack,Personal Care,14,409,232
2026-05-27,P023,Soap 4-Pack,Personal Care,6,409,226
2026-05-28,P023,Soap 4-Pack,Personal Care,18,409,208
2026-05-29,P023,Soap 4-Pack,Personal Care,17,409,191
2026-05-30,P023,Soap 4-Pack,Personal Care,16,409,175
2026-05-31,P023,Soap 4-Pack,Personal Care,12,409,163
2026-06-01,P023,Soap 4-Pack,Personal Care,19,409,144
2026-06-02,P023,Soap 4-Pack,Personal Care,13,409,131
2026-06-03,P023,Soap 4-Pack,Personal Care,11,409,120
2026-06-04,P023,Soap 4-Pack,Personal Care,10,409,110
2026-06-05,P023,Soap 4-Pack,Personal Care,10,409,100
2026-06-06,P023,Soap 4-Pack,Personal Care,13,409,87
2026-06-07,P023,Soap 4-Pack,Personal Care,10,409,77
2026-06-08,P023,Soap 4-Pack,Personal Care,16,409,61
2026-06-09,P023,Soap 4-Pack,Personal Care,18,409,344
2026-06-10,P023,Soap 4-Pack,Personal Care,9,409,335
2026-06-11,P023,Soap 4-Pack,Personal Care,11,409,324
2026-06-12,P023,Soap 4-Pack,Personal Care,9,409,315
2026-06-13,P023,Soap 4-Pack,Personal Care,9,409,306
2026-06-14,P023,Soap 4-Pack,Personal Care,11,409,295
2026-06-15,P023,Soap 4-Pack,Personal Care,10,409,285
2026-06-16,P023,Soap 4-Pack,Personal Care,8,409,277
2026-06-17,P023,Soap 4-Pack,Personal Care,5,409,272
2026-06-18,P023,Soap 4-Pack,Personal Care,13,409,259
2026-06-19,P023,Soap 4-Pack,Personal Care,9,409,250
2026-06-20,P023,Soap 4-Pack,Personal Care,12,409,238
2026-06-21,P023,Soap 4-Pack,Personal Care,18,409,220
2026-06-22,P023,Soap 4-Pack,Personal Care,8,409,212
2026-06-23,P023,Soap 4-Pack,Personal Care,13,409,199
2026-06-24,P023,Soap 4-Pack,Personal Care,8,409,191
2026-06-25,P023,Soap 4-Pack,Personal Care,15,409,176
2026-06-26,P023,Soap 4-Pack,Personal Care,14,409,162
2026-06-27,P023,Soap 4-Pack,Personal Care,14,409,148
2026-06-28,P023,Soap 4-Pack,Personal Care,14,409,134
2026-06-29,P023,Soap 4-Pack,Personal Care,6,409,128
2026-06-30,P023,Soap 4-Pack,Personal Care,11,409,117
2026-07-01,P023,Soap 4-Pack,Personal Care,14,409,103
2026-07-02,P023,Soap 4-Pack,Personal Care,6,409,97
2026-07-03,P023,Soap 4-Pack,Personal Care,15,409,82
2026-07-04,P023,Soap 4-Pack,Personal Care,7,409,75
2026-07-05,P023,Soap 4-Pack,Personal Care,12,409,63
2026-07-06,P023,Soap 4-Pack,Personal Care,4,409,360
2026-07-07,P023,Soap 4-Pack,Personal Care,15,409,345
2026-07-08,P023,Soap 4-Pack,Personal Care,11,409,334
2026-07-09,P023,Soap 4-Pack,Personal Care,7,409,327
2026-07-10,P023,Soap 4-Pack,Personal Care,11,409,316
2026-07-11,P023,Soap 4-Pack,Personal Care,13,409,303
2026-07-12,P023,Soap 4-Pack,Personal Care,12,409,291
2026-07-13,P023,Soap 4-Pack,Personal Care,10,409,281
2026-07-14,P023,Soap 4-Pack,Personal Care,14,409,267
2026-07-15,P023,Soap 4-Pack,Personal Care,11,409,256
2026-07-16,P023,Soap 4-Pack,Personal Care,15,409,241
2026-07-17,P023,Soap 4-Pack,Personal Care,5,409,236
2026-07-18,P023,Soap 4-Pack,Personal Care,14,409,222
2026-07-19,P023,Soap 4-Pack,Personal Care,19,409,203
2026-07-20,P023,Soap 4-Pack,Personal Care,6,409,197
2026-07-21,P023,Soap 4-Pack,Personal Care,4,409,193
2026-07-22,P023,Soap 4-Pack,Personal Care,12,409,181
2026-07-23,P023,Soap 4-Pack,Personal Care,14,409,167
2026-07-24,P023,Soap 4-Pack,Personal Care,12,409,155
2026-07-25,P023,Soap 4-Pack,Personal Care,9,409,146
2026-07-26,P023,Soap 4-Pack,Personal Care,19,409,127
2026-07-27,P023,Soap 4-Pack,Personal Care,9,409,118
2026-07-28,P023,Soap 4-Pack,Personal Care,10,409,108
2026-07-29,P023,Soap 4-Pack,Personal Care,9,409,99
2026-07-30,P023,Soap 4-Pack,Personal Care,15,409,84
2026-07-31,P023,Soap 4-Pack,Personal Care,18,409,66
2026-08-01,P023,Soap 4-Pack,Personal Care,12,409,355
2026-08-02,P023,Soap 4-Pack,Personal Care,15,409,340
2026-08-03,P023,Soap 4-Pack,Personal Care,8,409,332
2026-08-04,P023,Soap 4-Pack,Personal Care,9,409,323
2026-08-05,P023,Soap 4-Pack,Personal Care,7,409,316
2026-08-06,P023,Soap 4-Pack,Personal Care,13,409,303
2026-08-07,P023,Soap 4-Pack,Personal Care,9,409,294
2026-08-08,P023,Soap 4-Pack,Personal Care,8,409,286
2026-08-09,P023,Soap 4-Pack,Personal Care,9,409,277
2026-08-10,P023,Soap 4-Pack,Personal Care,5,409,272
2026-08-11,P023,Soap 4-Pack,Personal Care,11,409,261
2026-08-12,P023,Soap 4-Pack,Personal Care,12,409,249
2026-08-13,P023,Soap 4-Pack,Personal Care,7,409,242
2026-08-14,P023,Soap 4-Pack,Personal Care,8,409,234
2026-08-15,P023,Soap 4-Pack,Personal Care,11,409,223
2026-08-16,P023,Soap 4-Pack,Personal Care,15,409,208
2026-08-17,P023,Soap 4-Pack,Personal Care,10,409,198
2026-08-18,P023,Soap 4-Pack,Personal Care,10,409,188
2026-08-19,P023,Soap 4-Pack,Personal Care,8,409,180
2026-08-20,P023,Soap 4-Pack,Personal Care,11,409,169
2026-08-21,P023,Soap 4-Pack,Personal Care,7,409,162
2026-08-22,P023,Soap 4-Pack,Personal Care,22,409,140
2026-08-23,P023,Soap 4-Pack,Personal Care,12,409,128
2026-08-24,P023,Soap 4-Pack,Personal Care,11,409,117
2026-08-25,P023,Soap 4-Pack,Personal Care,18,409,99
2026-08-26,P023,Soap 4-Pack,Personal Care,13,409,86
2026-08-27,P023,Soap 4-Pack,Personal Care,12,409,74
2026-08-28,P023,Soap 4-Pack,Personal Care,3,409,71
2026-08-29,P023,Soap 4-Pack,Personal Care,12,409,360
2026-08-30,P023,Soap 4-Pack,Personal Care,15,409,345
2026-08-31,P023,Soap 4-Pack,Personal Care,8,409,337
2026-09-01,P023,Soap 4-Pack,Personal Care,12,409,325
2026-09-02,P023,Soap 4-Pack,Personal Care,9,409,316
2026-09-03,P023,Soap 4-Pack,Personal Care,9,409,307
2026-09-04,P023,Soap 4-Pack,Personal Care,10,409,297
2026-09-05,P023,Soap 4-Pack,Personal Care,14,409,283
2026-09-06,P023,Soap 4-Pack,Personal Care,11,409,272
2026-09-07,P023,Soap 4-Pack,Personal Care,10,409,262
2026-09-08,P023,Soap 4-Pack,Personal Care,16,409,246
2026-09-09,P023,Soap 4-Pack,Personal Care,7,409,239
2026-09-10,P023,Soap 4-Pack,Personal Care,8,409,231
2026-09-11,P023,Soap 4-Pack,Personal Care,2,409,229
2026-09-12,P023,Soap 4-Pack,Personal Care,17,409,212
2026-09-13,P023,Soap 4-Pack,Personal Care,16,409,196
2026-09-14,P023,Soap 4-Pack,Personal Care,8,409,188
2026-09-15,P023,Soap 4-Pack,Personal Care,4,409,184
2026-09-16,P023,Soap 4-Pack,Personal Care,7,409,177
2026-09-17,P023,Soap 4-Pack,Personal Care,12,409,165
2026-09-18,P023,Soap 4-Pack,Personal Care,9,409,156
2026-09-19,P023,Soap 4-Pack,Personal Care,14,409,142
2026-09-20,P023,Soap 4-Pack,Personal Care,12,409,130
2026-09-21,P023,Soap 4-Pack,Personal Care,3,409,127
2026-09-22,P023,Soap 4-Pack,Personal Care,4,409,123
2026-09-23,P023,Soap 4-Pack,Personal Care,11,409,112
2026-09-24,P023,Soap 4-Pack,Personal Care,11,409,101
2026-09-25,P023,Soap 4-Pack,Personal Care,8,409,93
2026-09-26,P023,Soap 4-Pack,Personal Care,12,409,81
2026-09-27,P023,Soap 4-Pack,Personal Care,12,409,69
2026-04-01,P024,Toothpaste 200g,Personal Care,7,179,139
2026-04-02,P024,Toothpaste 200g,Personal Care,6,179,133
2026-04-03,P024,Toothpaste 200g,Personal Care,9,179,124
2026-04-04,P024,Toothpaste 200g,Personal Care,6,179,118
2026-04-05,P024,Toothpaste 200g,Personal Care,5,179,113
2026-04-06,P024,Toothpaste 200g,Personal Care,6,179,107
2026-04-07,P024,Toothpaste 200g,Personal Care,10,179,97
2026-04-08,P024,Toothpaste 200g,Personal Care,7,179,90
2026-04-09,P024,Toothpaste 200g,Personal Care,5,179,85
2026-04-10,P024,Toothpaste 200g,Personal Care,2,179,83
2026-04-11,P024,Toothpaste 200g,Personal Care,6,179,77
2026-04-12,P024,Toothpaste 200g,Personal Care,6,179,71
2026-04-13,P024,Toothpaste 200g,Personal Care,8,179,63
2026-04-14,P024,Toothpaste 200g,Personal Care,8,179,55
2026-04-15,P024,Toothpaste 200g,Personal Care,6,179,49
2026-04-16,P024,Toothpaste 200g,Personal Care,2,179,47
2026-04-17,P024,Toothpaste 200g,Personal Care,3,179,44
2026-04-18,P024,Toothpaste 200g,Personal Care,5,179,39
2026-04-19,P024,Toothpaste 200g,Personal Care,5,179,209
2026-04-20,P024,Toothpaste 200g,Personal Care,6,179,203
2026-04-21,P024,Toothpaste 200g,Personal Care,8,179,195
2026-04-22,P024,Toothpaste 200g,Personal Care,7,179,188
2026-04-23,P024,Toothpaste 200g,Personal Care,4,179,184
2026-04-24,P024,Toothpaste 200g,Personal Care,4,179,180
2026-04-25,P024,Toothpaste 200g,Personal Care,5,179,175
2026-04-26,P024,Toothpaste 200g,Personal Care,6,179,169
2026-04-27,P024,Toothpaste 200g,Personal Care,8,179,161
2026-04-28,P024,Toothpaste 200g,Personal Care,8,179,153
2026-04-29,P024,Toothpaste 200g,Personal Care,5,179,148
2026-04-30,P024,Toothpaste 200g,Personal Care,4,179,144
2026-05-01,P024,Toothpaste 200g,Personal Care,11,179,133
2026-05-02,P024,Toothpaste 200g,Personal Care,7,179,126
2026-05-03,P024,Toothpaste 200g,Personal Care,10,179,116
2026-05-04,P024,Toothpaste 200g,Personal Care,7,179,109
2026-05-05,P024,Toothpaste 200g,Personal Care,3,179,106
2026-05-06,P024,Toothpaste 200g,Personal Care,6,179,100
2026-05-07,P024,Toothpaste 200g,Personal Care,7,179,93
2026-05-08,P024,Toothpaste 200g,Personal Care,10,179,83
2026-05-09,P024,Toothpaste 200g,Personal Care,6,179,77
2026-05-10,P024,Toothpaste 200g,Personal Care,5,179,72
2026-05-11,P024,Toothpaste 200g,Personal Care,6,179,66
2026-05-12,P024,Toothpaste 200g,Personal Care,9,179,57
2026-05-13,P024,Toothpaste 200g,Personal Care,7,179,50
2026-05-14,P024,Toothpaste 200g,Personal Care,5,179,45
2026-05-15,P024,Toothpaste 200g,Personal Care,10,179,210
2026-05-16,P024,Toothpaste 200g,Personal Care,7,179,203
2026-05-17,P024,Toothpaste 200g,Personal Care,4,179,199
2026-05-18,P024,Toothpaste 200g,Personal Care,1,179,198
2026-05-19,P024,Toothpaste 200g,Personal Care,4,179,194
2026-05-20,P024,Toothpaste 200g,Personal Care,3,179,191
2026-05-21,P024,Toothpaste 200g,Personal Care,6,179,185
2026-05-22,P024,Toothpaste 200g,Personal Care,10,179,175
2026-05-23,P024,Toothpaste 200g,Personal Care,5,179,170
2026-05-24,P024,Toothpaste 200g,Personal Care,7,179,163
2026-05-25,P024,Toothpaste 200g,Personal Care,9,179,154
2026-05-26,P024,Toothpaste 200g,Personal Care,5,179,149
2026-05-27,P024,Toothpaste 200g,Personal Care,6,179,143
2026-05-28,P024,Toothpaste 200g,Personal Care,7,179,136
2026-05-29,P024,Toothpaste 200g,Personal Care,10,179,126
2026-05-30,P024,Toothpaste 200g,Personal Care,8,179,118
2026-05-31,P024,Toothpaste 200g,Personal Care,4,179,114
2026-06-01,P024,Toothpaste 200g,Personal Care,4,179,110
2026-06-02,P024,Toothpaste 200g,Personal Care,8,179,102
2026-06-03,P024,Toothpaste 200g,Personal Care,6,179,96
2026-06-04,P024,Toothpaste 200g,Personal Care,6,179,90
2026-06-05,P024,Toothpaste 200g,Personal Care,4,179,86
2026-06-06,P024,Toothpaste 200g,Personal Care,11,179,75
2026-06-07,P024,Toothpaste 200g,Personal Care,5,179,70
2026-06-08,P024,Toothpaste 200g,Personal Care,3,179,67
2026-06-09,P024,Toothpaste 200g,Personal Care,6,179,61
2026-06-10,P024,Toothpaste 200g,Personal Care,4,179,57
2026-06-11,P024,Toothpaste 200g,Personal Care,4,179,53
2026-06-12,P024,Toothpaste 200g,Personal Care,2,179,51
2026-06-13,P024,Toothpaste 200g,Personal Care,10,179,41
2026-06-14,P024,Toothpaste 200g,Personal Care,5,179,36
2026-06-15,P024,Toothpaste 200g,Personal Care,4,179,207
2026-06-16,P024,Toothpaste 200g,Personal Care,3,179,204
2026-06-17,P024,Toothpaste 200g,Personal Care,11,179,193
2026-06-18,P024,Toothpaste 200g,Personal Care,2,179,191
2026-06-19,P024,Toothpaste 200g,Personal Care,4,179,187
2026-06-20,P024,Toothpaste 200g,Personal Care,10,179,177
2026-06-21,P024,Toothpaste 200g,Personal Care,10,179,167
2026-06-22,P024,Toothpaste 200g,Personal Care,6,179,161
2026-06-23,P024,Toothpaste 200g,Personal Care,5,179,156
2026-06-24,P024,Toothpaste 200g,Personal Care,6,179,150
2026-06-25,P024,Toothpaste 200g,Personal Care,9,179,141
2026-06-26,P024,Toothpaste 200g,Personal Care,6,179,135
2026-06-27,P024,Toothpaste 200g,Personal Care,4,179,131
2026-06-28,P024,Toothpaste 200g,Personal Care,5,179,126
2026-06-29,P024,Toothpaste 200g,Personal Care,8,179,118
2026-06-30,P024,Toothpaste 200g,Personal Care,5,179,113
2026-07-01,P024,Toothpaste 200g,Personal Care,9,179,104
2026-07-02,P024,Toothpaste 200g,Personal Care,5,179,99
2026-07-03,P024,Toothpaste 200g,Personal Care,6,179,93
2026-07-04,P024,Toothpaste 200g,Personal Care,5,179,88
2026-07-05,P024,Toothpaste 200g,Personal Care,9,179,79
2026-07-06,P024,Toothpaste 200g,Personal Care,8,179,71
2026-07-07,P024,Toothpaste 200g,Personal Care,6,179,65
2026-07-08,P024,Toothpaste 200g,Personal Care,7,179,58
2026-07-09,P024,Toothpaste 200g,Personal Care,3,179,55
2026-07-10,P024,Toothpaste 200g,Personal Care,4,179,51
2026-07-11,P024,Toothpaste 200g,Personal Care,7,179,44
2026-07-12,P024,Toothpaste 200g,Personal Care,5,179,39
2026-07-13,P024,Toothpaste 200g,Personal Care,4,179,210
2026-07-14,P024,Toothpaste 200g,Personal Care,5,179,205
2026-07-15,P024,Toothpaste 200g,Personal Care,10,179,195
2026-07-16,P024,Toothpaste 200g,Personal Care,7,179,188
2026-07-17,P024,Toothpaste 200g,Personal Care,6,179,182
2026-07-18,P024,Toothpaste 200g,Personal Care,9,179,173
2026-07-19,P024,Toothpaste 200g,Personal Care,2,179,171
2026-07-20,P024,Toothpaste 200g,Personal Care,9,179,162
2026-07-21,P024,Toothpaste 200g,Personal Care,8,179,154
2026-07-22,P024,Toothpaste 200g,Personal Care,6,179,148
2026-07-23,P024,Toothpaste 200g,Personal Care,7,179,141
2026-07-24,P024,Toothpaste 200g,Personal Care,12,179,129
2026-07-25,P024,Toothpaste 200g,Personal Care,7,179,122
2026-07-26,P024,Toothpaste 200g,Personal Care,8,179,114
2026-07-27,P024,Toothpaste 200g,Personal Care,5,179,109
2026-07-28,P024,Toothpaste 200g,Personal Care,4,179,105
2026-07-29,P024,Toothpaste 200g,Personal Care,3,179,102
2026-07-30,P024,Toothpaste 200g,Personal Care,5,179,97
2026-07-31,P024,Toothpaste 200g,Personal Care,3,179,94
2026-08-01,P024,Toothpaste 200g,Personal Care,5,179,89
2026-08-02,P024,Toothpaste 200g,Personal Care,6,179,83
2026-08-03,P024,Toothpaste 200g,Personal Care,7,179,76
2026-08-04,P024,Toothpaste 200g,Personal Care,10,179,66
2026-08-05,P024,Toothpaste 200g,Personal Care,8,179,58
2026-08-06,P024,Toothpaste 200g,Personal Care,6,179,52
2026-08-07,P024,Toothpaste 200g,Personal Care,9,179,43
2026-08-08,P024,Toothpaste 200g,Personal Care,7,179,36
2026-08-09,P024,Toothpaste 200g,Personal Care,15,179,196
2026-08-10,P024,Toothpaste 200g,Personal Care,6,179,190
2026-08-11,P024,Toothpaste 200g,Personal Care,12,179,178
2026-08-12,P024,Toothpaste 200g,Personal Care,2,179,176
2026-08-13,P024,Toothpaste 200g,Personal Care,4,179,172
2026-08-14,P024,Toothpaste 200g,Personal Care,7,179,165
2026-08-15,P024,Toothpaste 200g,Personal Care,10,179,155
2026-08-16,P024,Toothpaste 200g,Personal Care,7,179,148
2026-08-17,P024,Toothpaste 200g,Personal Care,1,179,147
2026-08-18,P024,Toothpaste 200g,Personal Care,7,179,140
2026-08-19,P024,Toothpaste 200g,Personal Care,5,179,135
2026-08-20,P024,Toothpaste 200g,Personal Care,3,179,132
2026-08-21,P024,Toothpaste 200g,Personal Care,1,179,131
2026-08-22,P024,Toothpaste 200g,Personal Care,10,179,121
2026-08-23,P024,Toothpaste 200g,Personal Care,5,179,116
2026-08-24,P024,Toothpaste 200g,Personal Care,4,179,112
2026-08-25,P024,Toothpaste 200g,Personal Care,10,179,102
2026-08-26,P024,Toothpaste 200g,Personal Care,5,179,97
2026-08-27,P024,Toothpaste 200g,Personal Care,5,179,92
2026-08-28,P024,Toothpaste 200g,Personal Care,3,179,89
2026-08-29,P024,Toothpaste 200g,Personal Care,1,179,88
2026-08-30,P024,Toothpaste 200g,Personal Care,13,179,75
2026-08-31,P024,Toothpaste 200g,Personal Care,7,179,68
2026-09-01,P024,Toothpaste 200g,Personal Care,3,179,65
2026-09-02,P024,Toothpaste 200g,Personal Care,2,179,63
2026-09-03,P024,Toothpaste 200g,Personal Care,6,179,57
2026-09-04,P024,Toothpaste 200g,Personal Care,9,179,48
2026-09-05,P024,Toothpaste 200g,Personal Care,8,179,40
2026-09-06,P024,Toothpaste 200g,Personal Care,7,179,208
2026-09-07,P024,Toothpaste 200g,Personal Care,6,179,202
2026-09-08,P024,Toothpaste 200g,Personal Care,12,179,190
2026-09-09,P024,Toothpaste 200g,Personal Care,5,179,185
2026-09-10,P024,Toothpaste 200g,Personal Care,8,179,177
2026-09-11,P024,Toothpaste 200g,Personal Care,7,179,170
2026-09-12,P024,Toothpaste 200g,Personal Care,6,179,164
2026-09-13,P024,Toothpaste 200g,Personal Care,5,179,159
2026-09-14,P024,Toothpaste 200g,Personal Care,6,179,153
2026-09-15,P024,Toothpaste 200g,Personal Care,8,179,145
2026-09-16,P024,Toothpaste 200g,Personal Care,3,179,142
2026-09-17,P024,Toothpaste 200g,Personal Care,6,179,136
2026-09-18,P024,Toothpaste 200g,Personal Care,7,179,129
2026-09-19,P024,Toothpaste 200g,Personal Care,11,179,118
2026-09-20,P024,Toothpaste 200g,Personal Care,7,179,111
2026-09-21,P024,Toothpaste 200g,Personal Care,9,179,102
2026-09-22,P024,Toothpaste 200g,Personal Care,4,179,98
2026-09-23,P024,Toothpaste 200g,Personal Care,5,179,93
2026-09-24,P024,Toothpaste 200g,Personal Care,9,179,84
2026-09-25,P024,Toothpaste 200g,Personal Care,7,179,77
2026-09-26,P024,Toothpaste 200g,Personal Care,8,179,69
2026-09-27,P024,Toothpaste 200g,Personal Care,5,179,64
2026-04-01,P025,Face Wash,Personal Care,13,219,240
2026-04-02,P025,Face Wash,Personal Care,5,219,235
2026-04-03,P025,Face Wash,Personal Care,14,219,221
2026-04-04,P025,Face Wash,Personal Care,17,219,204
2026-04-05,P025,Face Wash,Personal Care,15,219,189
2026-04-06,P025,Face Wash,Personal Care,4,219,185
2026-04-07,P025,Face Wash,Personal Care,7,219,178
2026-04-08,P025,Face Wash,Personal Care,7,219,171
2026-04-09,P025,Face Wash,Personal Care,8,219,163
2026-04-10,P025,Face Wash,Personal Care,6,219,157
2026-04-11,P025,Face Wash,Personal Care,11,219,146
2026-04-12,P025,Face Wash,Personal Care,10,219,136
2026-04-13,P025,Face Wash,Personal Care,10,219,126
2026-04-14,P025,Face Wash,Personal Care,11,219,115
2026-04-15,P025,Face Wash,Personal Care,4,219,111
2026-04-16,P025,Face Wash,Personal Care,7,219,104
2026-04-17,P025,Face Wash,Personal Care,10,219,94
2026-04-18,P025,Face Wash,Personal Care,11,219,83
2026-04-19,P025,Face Wash,Personal Care,18,219,65
2026-04-20,P025,Face Wash,Personal Care,7,219,362
2026-04-21,P025,Face Wash,Personal Care,11,219,351
2026-04-22,P025,Face Wash,Personal Care,14,219,337
2026-04-23,P025,Face Wash,Personal Care,8,219,329
2026-04-24,P025,Face Wash,Personal Care,10,219,319
2026-04-25,P025,Face Wash,Personal Care,11,219,308
2026-04-26,P025,Face Wash,Personal Care,10,219,298
2026-04-27,P025,Face Wash,Personal Care,7,219,291
2026-04-28,P025,Face Wash,Personal Care,14,219,277
2026-04-29,P025,Face Wash,Personal Care,9,219,268
2026-04-30,P025,Face Wash,Personal Care,9,219,259
2026-05-01,P025,Face Wash,Personal Care,10,219,249
2026-05-02,P025,Face Wash,Personal Care,15,219,234
2026-05-03,P025,Face Wash,Personal Care,11,219,223
2026-05-04,P025,Face Wash,Personal Care,9,219,214
2026-05-05,P025,Face Wash,Personal Care,10,219,204
2026-05-06,P025,Face Wash,Personal Care,7,219,197
2026-05-07,P025,Face Wash,Personal Care,16,219,181
2026-05-08,P025,Face Wash,Personal Care,12,219,169
2026-05-09,P025,Face Wash,Personal Care,8,219,161
2026-05-10,P025,Face Wash,Personal Care,18,219,143
2026-05-11,P025,Face Wash,Personal Care,12,219,131
2026-05-12,P025,Face Wash,Personal Care,11,219,120
2026-05-13,P025,Face Wash,Personal Care,11,219,109
2026-05-14,P025,Face Wash,Personal Care,11,219,98
2026-05-15,P025,Face Wash,Personal Care,9,219,89
2026-05-16,P025,Face Wash,Personal Care,12,219,77
2026-05-17,P025,Face Wash,Personal Care,8,219,69
2026-05-18,P025,Face Wash,Personal Care,12,219,361
2026-05-19,P025,Face Wash,Personal Care,13,219,348
2026-05-20,P025,Face Wash,Personal Care,12,219,336
2026-05-21,P025,Face Wash,Personal Care,7,219,329
2026-05-22,P025,Face Wash,Personal Care,11,219,318
2026-05-23,P025,Face Wash,Personal Care,11,219,307
2026-05-24,P025,Face Wash,Personal Care,11,219,296
2026-05-25,P025,Face Wash,Personal Care,9,219,287
2026-05-26,P025,Face Wash,Personal Care,11,219,276
2026-05-27,P025,Face Wash,Personal Care,6,219,270
2026-05-28,P025,Face Wash,Personal Care,18,219,252
2026-05-29,P025,Face Wash,Personal Care,10,219,242
2026-05-30,P025,Face Wash,Personal Care,11,219,231
2026-05-31,P025,Face Wash,Personal Care,10,219,221
2026-06-01,P025,Face Wash,Personal Care,12,219,209
2026-06-02,P025,Face Wash,Personal Care,11,219,198
2026-06-03,P025,Face Wash,Personal Care,11,219,187
2026-06-04,P025,Face Wash,Personal Care,8,219,179
2026-06-05,P025,Face Wash,Personal Care,9,219,170
2026-06-06,P025,Face Wash,Personal Care,8,219,162
2026-06-07,P025,Face Wash,Personal Care,9,219,153
2026-06-08,P025,Face Wash,Personal Care,11,219,142
2026-06-09,P025,Face Wash,Personal Care,8,219,134
2026-06-10,P025,Face Wash,Personal Care,9,219,125
2026-06-11,P025,Face Wash,Personal Care,6,219,119
2026-06-12,P025,Face Wash,Personal Care,12,219,107
2026-06-13,P025,Face Wash,Personal Care,16,219,91
2026-06-14,P025,Face Wash,Personal Care,13,219,78
2026-06-15,P025,Face Wash,Personal Care,9,219,69
2026-06-16,P025,Face Wash,Personal Care,9,219,364
2026-06-17,P025,Face Wash,Personal Care,13,219,351
2026-06-18,P025,Face Wash,Personal Care,6,219,345
2026-06-19,P025,Face Wash,Personal Care,10,219,335
2026-06-20,P025,Face Wash,Personal Care,10,219,325
2026-06-21,P025,Face Wash,Personal Care,7,219,318
2026-06-22,P025,Face Wash,Personal Care,8,219,310
2026-06-23,P025,Face Wash,Personal Care,5,219,305
2026-06-24,P025,Face Wash,Personal Care,9,219,296
2026-06-25,P025,Face Wash,Personal Care,13,219,283
2026-06-26,P025,Face Wash,Personal Care,6,219,277
2026-06-27,P025,Face Wash,Personal Care,19,219,258
2026-06-28,P025,Face Wash,Personal Care,17,219,241
2026-06-29,P025,Face Wash,Personal Care,12,219,229
2026-06-30,P025,Face Wash,Personal Care,11,219,218
2026-07-01,P025,Face Wash,Personal Care,10,219,208
2026-07-02,P025,Face Wash,Personal Care,11,219,197
2026-07-03,P025,Face Wash,Personal Care,6,219,191
2026-07-04,P025,Face Wash,Personal Care,8,219,183
2026-07-05,P025,Face Wash,Personal Care,14,219,169
2026-07-06,P025,Face Wash,Personal Care,12,219,157
2026-07-07,P025,Face Wash,Personal Care,8,219,149
2026-07-08,P025,Face Wash,Personal Care,16,219,133
2026-07-09,P025,Face Wash,Personal Care,8,219,125
2026-07-10,P025,Face Wash,Personal Care,9,219,116
2026-07-11,P025,Face Wash,Personal Care,14,219,102
2026-07-12,P025,Face Wash,Personal Care,16,219,86
2026-07-13,P025,Face Wash,Personal Care,16,219,70
2026-07-14,P025,Face Wash,Personal Care,10,219,364
2026-07-15,P025,Face Wash,Personal Care,17,219,347
2026-07-16,P025,Face Wash,Personal Care,14,219,333
2026-07-17,P025,Face Wash,Personal Care,12,219,321
2026-07-18,P025,Face Wash,Personal Care,14,219,307
2026-07-19,P025,Face Wash,Personal Care,11,219,296
2026-07-20,P025,Face Wash,Personal Care,7,219,289
2026-07-21,P025,Face Wash,Personal Care,12,219,277
2026-07-22,P025,Face Wash,Personal Care,15,219,262
2026-07-23,P025,Face Wash,Personal Care,14,219,248
2026-07-24,P025,Face Wash,Personal Care,14,219,234
2026-07-25,P025,Face Wash,Personal Care,19,219,215
2026-07-26,P025,Face Wash,Personal Care,11,219,204
2026-07-27,P025,Face Wash,Personal Care,13,219,191
2026-07-28,P025,Face Wash,Personal Care,17,219,174
2026-07-29,P025,Face Wash,Personal Care,6,219,168
2026-07-30,P025,Face Wash,Personal Care,6,219,162
2026-07-31,P025,Face Wash,Personal Care,8,219,154
2026-08-01,P025,Face Wash,Personal Care,10,219,144
2026-08-02,P025,Face Wash,Personal Care,10,219,134
2026-08-03,P025,Face Wash,Personal Care,11,219,123
2026-08-04,P025,Face Wash,Personal Care,14,219,109
2026-08-05,P025,Face Wash,Personal Care,12,219,97
2026-08-06,P025,Face Wash,Personal Care,4,219,93
2026-08-07,P025,Face Wash,Personal Care,8,219,85
2026-08-08,P025,Face Wash,Personal Care,21,219,64
2026-08-09,P025,Face Wash,Personal Care,14,219,354
2026-08-10,P025,Face Wash,Personal Care,18,219,336
2026-08-11,P025,Face Wash,Personal Care,14,219,322
2026-08-12,P025,Face Wash,Personal Care,11,219,311
2026-08-13,P025,Face Wash,Personal Care,5,219,306
2026-08-14,P025,Face Wash,Personal Care,9,219,297
2026-08-15,P025,Face Wash,Personal Care,11,219,286
2026-08-16,P025,Face Wash,Personal Care,8,219,278
2026-08-17,P025,Face Wash,Personal Care,12,219,266
2026-08-18,P025,Face Wash,Personal Care,14,219,252
2026-08-19,P025,Face Wash,Personal Care,4,219,248
2026-08-20,P025,Face Wash,Personal Care,12,219,236
2026-08-21,P025,Face Wash,Personal Care,7,219,229
2026-08-22,P025,Face Wash,Personal Care,14,219,215
2026-08-23,P025,Face Wash,Personal Care,15,219,200
2026-08-24,P025,Face Wash,Personal Care,15,219,185
2026-08-25,P025,Face Wash,Personal Care,6,219,179
2026-08-26,P025,Face Wash,Personal Care,12,219,167
2026-08-27,P025,Face Wash,Personal Care,12,219,155
2026-08-28,P025,Face Wash,Personal Care,7,219,148
2026-08-29,P025,Face Wash,Personal Care,15,219,133
2026-08-30,P025,Face Wash,Personal Care,14,219,119
2026-08-31,P025,Face Wash,Personal Care,13,219,106
2026-09-01,P025,Face Wash,Personal Care,11,219,95
2026-09-02,P025,Face Wash,Personal Care,10,219,85
2026-09-03,P025,Face Wash,Personal Care,12,219,73
2026-09-04,P025,Face Wash,Personal Care,10,219,63
2026-09-05,P025,Face Wash,Personal Care,14,219,353
2026-09-06,P025,Face Wash,Personal Care,4,219,349
2026-09-07,P025,Face Wash,Personal Care,11,219,338
2026-09-08,P025,Face Wash,Personal Care,11,219,327
2026-09-09,P025,Face Wash,Personal Care,13,219,314
2026-09-10,P025,Face Wash,Personal Care,9,219,305
2026-09-11,P025,Face Wash,Personal Care,9,219,296
2026-09-12,P025,Face Wash,Personal Care,12,219,284
2026-09-13,P025,Face Wash,Personal Care,15,219,269
2026-09-14,P025,Face Wash,Personal Care,7,219,262
2026-09-15,P025,Face Wash,Personal Care,14,219,248
2026-09-16,P025,Face Wash,Personal Care,9,219,239
2026-09-17,P025,Face Wash,Personal Care,12,219,227
2026-09-18,P025,Face Wash,Personal Care,7,219,220
2026-09-19,P025,Face Wash,Personal Care,15,219,205
2026-09-20,P025,Face Wash,Personal Care,15,219,190
2026-09-21,P025,Face Wash,Personal Care,9,219,181
2026-09-22,P025,Face Wash,Personal Care,6,219,175
2026-09-23,P025,Face Wash,Personal Care,15,219,160
2026-09-24,P025,Face Wash,Personal Care,18,219,142
2026-09-25,P025,Face Wash,Personal Care,9,219,133
2026-09-26,P025,Face Wash,Personal Care,17,219,116
2026-09-27,P025,Face Wash,Personal Care,8,219,108
2026-04-01,P026,Hair Oil 200ml,Personal Care,5,75,155
2026-04-02,P026,Hair Oil 200ml,Personal Care,6,75,149
2026-04-03,P026,Hair Oil 200ml,Personal Care,5,75,144
2026-04-04,P026,Hair Oil 200ml,Personal Care,5,75,139
2026-04-05,P026,Hair Oil 200ml,Personal Care,5,75,134
2026-04-06,P026,Hair Oil 200ml,Personal Care,8,75,126
2026-04-07,P026,Hair Oil 200ml,Personal Care,4,75,122
2026-04-08,P026,Hair Oil 200ml,Personal Care,3,75,119
2026-04-09,P026,Hair Oil 200ml,Personal Care,7,75,112
2026-04-10,P026,Hair Oil 200ml,Personal Care,5,75,107
2026-04-11,P026,Hair Oil 200ml,Personal Care,6,75,101
2026-04-12,P026,Hair Oil 200ml,Personal Care,9,75,92
2026-04-13,P026,Hair Oil 200ml,Personal Care,6,75,86
2026-04-14,P026,Hair Oil 200ml,Personal Care,4,75,82
2026-04-15,P026,Hair Oil 200ml,Personal Care,6,75,76
2026-04-16,P026,Hair Oil 200ml,Personal Care,11,75,65
2026-04-17,P026,Hair Oil 200ml,Personal Care,5,75,60
2026-04-18,P026,Hair Oil 200ml,Personal Care,13,75,47
2026-04-19,P026,Hair Oil 200ml,Personal Care,10,75,229
2026-04-20,P026,Hair Oil 200ml,Personal Care,7,75,222
2026-04-21,P026,Hair Oil 200ml,Personal Care,9,75,213
2026-04-22,P026,Hair Oil 200ml,Personal Care,10,75,203
2026-04-23,P026,Hair Oil 200ml,Personal Care,9,75,194
2026-04-24,P026,Hair Oil 200ml,Personal Care,10,75,184
2026-04-25,P026,Hair Oil 200ml,Personal Care,5,75,179
2026-04-26,P026,Hair Oil 200ml,Personal Care,6,75,173
2026-04-27,P026,Hair Oil 200ml,Personal Care,6,75,167
2026-04-28,P026,Hair Oil 200ml,Personal Care,6,75,161
2026-04-29,P026,Hair Oil 200ml,Personal Care,3,75,158
2026-04-30,P026,Hair Oil 200ml,Personal Care,4,75,154
2026-05-01,P026,Hair Oil 200ml,Personal Care,5,75,149
2026-05-02,P026,Hair Oil 200ml,Personal Care,10,75,139
2026-05-03,P026,Hair Oil 200ml,Personal Care,11,75,128
2026-05-04,P026,Hair Oil 200ml,Personal Care,3,75,125
2026-05-05,P026,Hair Oil 200ml,Personal Care,8,75,117
2026-05-06,P026,Hair Oil 200ml,Personal Care,10,75,107
2026-05-07,P026,Hair Oil 200ml,Personal Care,4,75,103
2026-05-08,P026,Hair Oil 200ml,Personal Care,4,75,99
2026-05-09,P026,Hair Oil 200ml,Personal Care,11,75,88
2026-05-10,P026,Hair Oil 200ml,Personal Care,2,75,86
2026-05-11,P026,Hair Oil 200ml,Personal Care,4,75,82
2026-05-12,P026,Hair Oil 200ml,Personal Care,5,75,77
2026-05-13,P026,Hair Oil 200ml,Personal Care,5,75,72
2026-05-14,P026,Hair Oil 200ml,Personal Care,9,75,63
2026-05-15,P026,Hair Oil 200ml,Personal Care,7,75,56
2026-05-16,P026,Hair Oil 200ml,Personal Care,7,75,49
2026-05-17,P026,Hair Oil 200ml,Personal Care,5,75,44
2026-05-18,P026,Hair Oil 200ml,Personal Care,5,75,39
2026-05-19,P026,Hair Oil 200ml,Personal Care,8,75,223
2026-05-20,P026,Hair Oil 200ml,Personal Care,9,75,214
2026-05-21,P026,Hair Oil 200ml,Personal Care,9,75,205
2026-05-22,P026,Hair Oil 200ml,Personal Care,7,75,198
2026-05-23,P026,Hair Oil 200ml,Personal Care,7,75,191
2026-05-24,P026,Hair Oil 200ml,Personal Care,13,75,178
2026-05-25,P026,Hair Oil 200ml,Personal Care,12,75,166
2026-05-26,P026,Hair Oil 200ml,Personal Care,9,75,157
2026-05-27,P026,Hair Oil 200ml,Personal Care,8,75,149
2026-05-28,P026,Hair Oil 200ml,Personal Care,7,75,142
2026-05-29,P026,Hair Oil 200ml,Personal Care,2,75,140
2026-05-30,P026,Hair Oil 200ml,Personal Care,10,75,130
2026-05-31,P026,Hair Oil 200ml,Personal Care,6,75,124
2026-06-01,P026,Hair Oil 200ml,Personal Care,7,75,117
2026-06-02,P026,Hair Oil 200ml,Personal Care,1,75,116
2026-06-03,P026,Hair Oil 200ml,Personal Care,9,75,107
2026-06-04,P026,Hair Oil 200ml,Personal Care,5,75,102
2026-06-05,P026,Hair Oil 200ml,Personal Care,13,75,89
2026-06-06,P026,Hair Oil 200ml,Personal Care,4,75,85
2026-06-07,P026,Hair Oil 200ml,Personal Care,6,75,79
2026-06-08,P026,Hair Oil 200ml,Personal Care,4,75,75
2026-06-09,P026,Hair Oil 200ml,Personal Care,1,75,74
2026-06-10,P026,Hair Oil 200ml,Personal Care,12,75,62
2026-06-11,P026,Hair Oil 200ml,Personal Care,7,75,55
2026-06-12,P026,Hair Oil 200ml,Personal Care,8,75,47
2026-06-13,P026,Hair Oil 200ml,Personal Care,6,75,41
2026-06-14,P026,Hair Oil 200ml,Personal Care,10,75,223
2026-06-15,P026,Hair Oil 200ml,Personal Care,7,75,216
2026-06-16,P026,Hair Oil 200ml,Personal Care,4,75,212
2026-06-17,P026,Hair Oil 200ml,Personal Care,7,75,205
2026-06-18,P026,Hair Oil 200ml,Personal Care,10,75,195
2026-06-19,P026,Hair Oil 200ml,Personal Care,3,75,192
2026-06-20,P026,Hair Oil 200ml,Personal Care,11,75,181
2026-06-21,P026,Hair Oil 200ml,Personal Care,11,75,170
2026-06-22,P026,Hair Oil 200ml,Personal Care,14,75,156
2026-06-23,P026,Hair Oil 200ml,Personal Care,6,75,150
2026-06-24,P026,Hair Oil 200ml,Personal Care,3,75,147
2026-06-25,P026,Hair Oil 200ml,Personal Care,10,75,137
2026-06-26,P026,Hair Oil 200ml,Personal Care,8,75,129
2026-06-27,P026,Hair Oil 200ml,Personal Care,8,75,121
2026-06-28,P026,Hair Oil 200ml,Personal Care,7,75,114
2026-06-29,P026,Hair Oil 200ml,Personal Care,7,75,107
2026-06-30,P026,Hair Oil 200ml,Personal Care,9,75,98
2026-07-01,P026,Hair Oil 200ml,Personal Care,10,75,88
2026-07-02,P026,Hair Oil 200ml,Personal Care,7,75,81
2026-07-03,P026,Hair Oil 200ml,Personal Care,6,75,75
2026-07-04,P026,Hair Oil 200ml,Personal Care,8,75,67
2026-07-05,P026,Hair Oil 200ml,Personal Care,14,75,53
2026-07-06,P026,Hair Oil 200ml,Personal Care,5,75,48
2026-07-07,P026,Hair Oil 200ml,Personal Care,8,75,40
2026-07-08,P026,Hair Oil 200ml,Personal Care,7,75,225
2026-07-09,P026,Hair Oil 200ml,Personal Care,5,75,220
2026-07-10,P026,Hair Oil 200ml,Personal Care,4,75,216
2026-07-11,P026,Hair Oil 200ml,Personal Care,4,75,212
2026-07-12,P026,Hair Oil 200ml,Personal Care,10,75,202
2026-07-13,P026,Hair Oil 200ml,Personal Care,4,75,198
2026-07-14,P026,Hair Oil 200ml,Personal Care,7,75,191
2026-07-15,P026,Hair Oil 200ml,Personal Care,7,75,184
2026-07-16,P026,Hair Oil 200ml,Personal Care,5,75,179
2026-07-17,P026,Hair Oil 200ml,Personal Care,4,75,175
2026-07-18,P026,Hair Oil 200ml,Personal Care,7,75,168
2026-07-19,P026,Hair Oil 200ml,Personal Care,4,75,164
2026-07-20,P026,Hair Oil 200ml,Personal Care,11,75,153
2026-07-21,P026,Hair Oil 200ml,Personal Care,11,75,142
2026-07-22,P026,Hair Oil 200ml,Personal Care,5,75,137
2026-07-23,P026,Hair Oil 200ml,Personal Care,6,75,131
2026-07-24,P026,Hair Oil 200ml,Personal Care,7,75,124
2026-07-25,P026,Hair Oil 200ml,Personal Care,8,75,116
2026-07-26,P026,Hair Oil 200ml,Personal Care,11,75,105
2026-07-27,P026,Hair Oil 200ml,Personal Care,9,75,96
2026-07-28,P026,Hair Oil 200ml,Personal Care,12,75,84
2026-07-29,P026,Hair Oil 200ml,Personal Care,7,75,77
2026-07-30,P026,Hair Oil 200ml,Personal Care,11,75,66
2026-07-31,P026,Hair Oil 200ml,Personal Care,7,75,59
2026-08-01,P026,Hair Oil 200ml,Personal Care,8,75,51
2026-08-02,P026,Hair Oil 200ml,Personal Care,7,75,44
2026-08-03,P026,Hair Oil 200ml,Personal Care,8,75,228
2026-08-04,P026,Hair Oil 200ml,Personal Care,4,75,224
2026-08-05,P026,Hair Oil 200ml,Personal Care,5,75,219
2026-08-06,P026,Hair Oil 200ml,Personal Care,9,75,210
2026-08-07,P026,Hair Oil 200ml,Personal Care,12,75,198
2026-08-08,P026,Hair Oil 200ml,Personal Care,4,75,194
2026-08-09,P026,Hair Oil 200ml,Personal Care,9,75,185
2026-08-10,P026,Hair Oil 200ml,Personal Care,4,75,181
2026-08-11,P026,Hair Oil 200ml,Personal Care,8,75,173
2026-08-12,P026,Hair Oil 200ml,Personal Care,8,75,165
2026-08-13,P026,Hair Oil 200ml,Personal Care,7,75,158
2026-08-14,P026,Hair Oil 200ml,Personal Care,3,75,155
2026-08-15,P026,Hair Oil 200ml,Personal Care,9,75,146
2026-08-16,P026,Hair Oil 200ml,Personal Care,5,75,141
2026-08-17,P026,Hair Oil 200ml,Personal Care,7,75,134
2026-08-18,P026,Hair Oil 200ml,Personal Care,4,75,130
2026-08-19,P026,Hair Oil 200ml,Personal Care,3,75,127
2026-08-20,P026,Hair Oil 200ml,Personal Care,10,75,117
2026-08-21,P026,Hair Oil 200ml,Personal Care,6,75,111
2026-08-22,P026,Hair Oil 200ml,Personal Care,9,75,102
2026-08-23,P026,Hair Oil 200ml,Personal Care,7,75,95
2026-08-24,P026,Hair Oil 200ml,Personal Care,5,75,90
2026-08-25,P026,Hair Oil 200ml,Personal Care,3,75,87
2026-08-26,P026,Hair Oil 200ml,Personal Care,5,75,82
2026-08-27,P026,Hair Oil 200ml,Personal Care,6,75,76
2026-08-28,P026,Hair Oil 200ml,Personal Care,9,75,67
2026-08-29,P026,Hair Oil 200ml,Personal Care,5,75,62
2026-08-30,P026,Hair Oil 200ml,Personal Care,6,75,56
2026-08-31,P026,Hair Oil 200ml,Personal Care,10,75,46
2026-09-01,P026,Hair Oil 200ml,Personal Care,8,75,230
2026-09-02,P026,Hair Oil 200ml,Personal Care,6,75,224
2026-09-03,P026,Hair Oil 200ml,Personal Care,6,75,218
2026-09-04,P026,Hair Oil 200ml,Personal Care,6,75,212
2026-09-05,P026,Hair Oil 200ml,Personal Care,10,75,202
2026-09-06,P026,Hair Oil 200ml,Personal Care,13,75,189
2026-09-07,P026,Hair Oil 200ml,Personal Care,13,75,176
2026-09-08,P026,Hair Oil 200ml,Personal Care,7,75,169
2026-09-09,P026,Hair Oil 200ml,Personal Care,1,75,168
2026-09-10,P026,Hair Oil 200ml,Personal Care,4,75,164
2026-09-11,P026,Hair Oil 200ml,Personal Care,12,75,152
2026-09-12,P026,Hair Oil 200ml,Personal Care,10,75,142
2026-09-13,P026,Hair Oil 200ml,Personal Care,8,75,134
2026-09-14,P026,Hair Oil 200ml,Personal Care,1,75,133
2026-09-15,P026,Hair Oil 200ml,Personal Care,0,75,133
2026-09-16,P026,Hair Oil 200ml,Personal Care,2,75,131
2026-09-17,P026,Hair Oil 200ml,Personal Care,3,75,128
2026-09-18,P026,Hair Oil 200ml,Personal Care,0,75,128
2026-09-19,P026,Hair Oil 200ml,Personal Care,0,75,128
2026-09-20,P026,Hair Oil 200ml,Personal Care,6,75,122
2026-09-21,P026,Hair Oil 200ml,Personal Care,5,75,117
2026-09-22,P026,Hair Oil 200ml,Personal Care,4,75,113
2026-09-23,P026,Hair Oil 200ml,Personal Care,2,75,111
2026-09-24,P026,Hair Oil 200ml,Personal Care,2,75,109
2026-09-25,P026,Hair Oil 200ml,Personal Care,2,75,107
2026-09-26,P026,Hair Oil 200ml,Personal Care,3,75,104
2026-09-27,P026,Hair Oil 200ml,Personal Care,1,75,103
2026-04-01,P027,Notebook A4,Stationery,7,262,231
2026-04-02,P027,Notebook A4,Stationery,12,262,219
2026-04-03,P027,Notebook A4,Stationery,9,262,210
2026-04-04,P027,Notebook A4,Stationery,11,262,199
2026-04-05,P027,Notebook A4,Stationery,18,262,181
2026-04-06,P027,Notebook A4,Stationery,9,262,172
2026-04-07,P027,Notebook A4,Stationery,12,262,160
2026-04-08,P027,Notebook A4,Stationery,10,262,150
2026-04-09,P027,Notebook A4,Stationery,23,262,127
2026-04-10,P027,Notebook A4,Stationery,7,262,120
2026-04-11,P027,Notebook A4,Stationery,14,262,106
2026-04-12,P027,Notebook A4,Stationery,8,262,98
2026-04-13,P027,Notebook A4,Stationery,10,262,88
2026-04-14,P027,Notebook A4,Stationery,10,262,78
2026-04-15,P027,Notebook A4,Stationery,12,262,66
2026-04-16,P027,Notebook A4,Stationery,10,262,342
2026-04-17,P027,Notebook A4,Stationery,9,262,333
2026-04-18,P027,Notebook A4,Stationery,16,262,317
2026-04-19,P027,Notebook A4,Stationery,11,262,306
2026-04-20,P027,Notebook A4,Stationery,8,262,298
2026-04-21,P027,Notebook A4,Stationery,6,262,292
2026-04-22,P027,Notebook A4,Stationery,9,262,283
2026-04-23,P027,Notebook A4,Stationery,11,262,272
2026-04-24,P027,Notebook A4,Stationery,8,262,264
2026-04-25,P027,Notebook A4,Stationery,16,262,248
2026-04-26,P027,Notebook A4,Stationery,9,262,239
2026-04-27,P027,Notebook A4,Stationery,12,262,227
2026-04-28,P027,Notebook A4,Stationery,8,262,219
2026-04-29,P027,Notebook A4,Stationery,14,262,205
2026-04-30,P027,Notebook A4,Stationery,10,262,195
2026-05-01,P027,Notebook A4,Stationery,13,262,182
2026-05-02,P027,Notebook A4,Stationery,12,262,170
2026-05-03,P027,Notebook A4,Stationery,11,262,159
2026-05-04,P027,Notebook A4,Stationery,10,262,149
2026-05-05,P027,Notebook A4,Stationery,6,262,143
2026-05-06,P027,Notebook A4,Stationery,8,262,135
2026-05-07,P027,Notebook A4,Stationery,13,262,122
2026-05-08,P027,Notebook A4,Stationery,11,262,111
2026-05-09,P027,Notebook A4,Stationery,15,262,96
2026-05-10,P027,Notebook A4,Stationery,12,262,84
2026-05-11,P027,Notebook A4,Stationery,16,262,68
2026-05-12,P027,Notebook A4,Stationery,10,262,58
2026-05-13,P027,Notebook A4,Stationery,10,262,334
2026-05-14,P027,Notebook A4,Stationery,5,262,329
2026-05-15,P027,Notebook A4,Stationery,6,262,323
2026-05-16,P027,Notebook A4,Stationery,11,262,312
2026-05-17,P027,Notebook A4,Stationery,13,262,299
2026-05-18,P027,Notebook A4,Stationery,10,262,289
2026-05-19,P027,Notebook A4,Stationery,13,262,276
2026-05-20,P027,Notebook A4,Stationery,12,262,264
2026-05-21,P027,Notebook A4,Stationery,14,262,250
2026-05-22,P027,Notebook A4,Stationery,10,262,240
2026-05-23,P027,Notebook A4,Stationery,9,262,231
2026-05-24,P027,Notebook A4,Stationery,8,262,223
2026-05-25,P027,Notebook A4,Stationery,7,262,216
2026-05-26,P027,Notebook A4,Stationery,9,262,207
2026-05-27,P027,Notebook A4,Stationery,10,262,197
2026-05-28,P027,Notebook A4,Stationery,7,262,190
2026-05-29,P027,Notebook A4,Stationery,11,262,179
2026-05-30,P027,Notebook A4,Stationery,13,262,166
2026-05-31,P027,Notebook A4,Stationery,14,262,152
2026-06-01,P027,Notebook A4,Stationery,6,262,146
2026-06-02,P027,Notebook A4,Stationery,8,262,138
2026-06-03,P027,Notebook A4,Stationery,7,262,131
2026-06-04,P027,Notebook A4,Stationery,4,262,127
2026-06-05,P027,Notebook A4,Stationery,5,262,122
2026-06-06,P027,Notebook A4,Stationery,10,262,112
2026-06-07,P027,Notebook A4,Stationery,12,262,100
2026-06-08,P027,Notebook A4,Stationery,10,262,90
2026-06-09,P027,Notebook A4,Stationery,8,262,82
2026-06-10,P027,Notebook A4,Stationery,6,262,76
2026-06-11,P027,Notebook A4,Stationery,15,262,61
2026-06-12,P027,Notebook A4,Stationery,7,262,340
2026-06-13,P027,Notebook A4,Stationery,10,262,330
2026-06-14,P027,Notebook A4,Stationery,15,262,315
2026-06-15,P027,Notebook A4,Stationery,10,262,305
2026-06-16,P027,Notebook A4,Stationery,15,262,290
2026-06-17,P027,Notebook A4,Stationery,13,262,277
2026-06-18,P027,Notebook A4,Stationery,10,262,267
2026-06-19,P027,Notebook A4,Stationery,12,262,255
2026-06-20,P027,Notebook A4,Stationery,6,262,249
2026-06-21,P027,Notebook A4,Stationery,13,262,236
2026-06-22,P027,Notebook A4,Stationery,7,262,229
2026-06-23,P027,Notebook A4,Stationery,10,262,219
2026-06-24,P027,Notebook A4,Stationery,7,262,212
2026-06-25,P027,Notebook A4,Stationery,7,262,205
2026-06-26,P027,Notebook A4,Stationery,9,262,196
2026-06-27,P027,Notebook A4,Stationery,6,262,190
2026-06-28,P027,Notebook A4,Stationery,7,262,183
2026-06-29,P027,Notebook A4,Stationery,9,262,174
2026-06-30,P027,Notebook A4,Stationery,4,262,170
2026-07-01,P027,Notebook A4,Stationery,3,262,167
2026-07-02,P027,Notebook A4,Stationery,10,262,157
2026-07-03,P027,Notebook A4,Stationery,10,262,147
2026-07-04,P027,Notebook A4,Stationery,10,262,137
2026-07-05,P027,Notebook A4,Stationery,4,262,133
2026-07-06,P027,Notebook A4,Stationery,7,262,126
2026-07-07,P027,Notebook A4,Stationery,10,262,116
2026-07-08,P027,Notebook A4,Stationery,14,262,102
2026-07-09,P027,Notebook A4,Stationery,11,262,91
2026-07-10,P027,Notebook A4,Stationery,8,262,83
2026-07-11,P027,Notebook A4,Stationery,17,262,66
2026-07-12,P027,Notebook A4,Stationery,13,262,339
2026-07-13,P027,Notebook A4,Stationery,5,262,334
2026-07-14,P027,Notebook A4,Stationery,10,262,324
2026-07-15,P027,Notebook A4,Stationery,13,262,311
2026-07-16,P027,Notebook A4,Stationery,15,262,296
2026-07-17,P027,Notebook A4,Stationery,10,262,286
2026-07-18,P027,Notebook A4,Stationery,16,262,270
2026-07-19,P027,Notebook A4,Stationery,16,262,254
2026-07-20,P027,Notebook A4,Stationery,15,262,239
2026-07-21,P027,Notebook A4,Stationery,8,262,231
2026-07-22,P027,Notebook A4,Stationery,13,262,218
2026-07-23,P027,Notebook A4,Stationery,9,262,209
2026-07-24,P027,Notebook A4,Stationery,15,262,194
2026-07-25,P027,Notebook A4,Stationery,9,262,185
2026-07-26,P027,Notebook A4,Stationery,16,262,169
2026-07-27,P027,Notebook A4,Stationery,8,262,161
2026-07-28,P027,Notebook A4,Stationery,11,262,150
2026-07-29,P027,Notebook A4,Stationery,9,262,141
2026-07-30,P027,Notebook A4,Stationery,5,262,136
2026-07-31,P027,Notebook A4,Stationery,7,262,129
2026-08-01,P027,Notebook A4,Stationery,16,262,113
2026-08-02,P027,Notebook A4,Stationery,3,262,110
2026-08-03,P027,Notebook A4,Stationery,9,262,101
2026-08-04,P027,Notebook A4,Stationery,12,262,89
2026-08-05,P027,Notebook A4,Stationery,12,262,77
2026-08-06,P027,Notebook A4,Stationery,15,262,62
2026-08-07,P027,Notebook A4,Stationery,12,262,336
2026-08-08,P027,Notebook A4,Stationery,15,262,321
2026-08-09,P027,Notebook A4,Stationery,14,262,307
2026-08-10,P027,Notebook A4,Stationery,10,262,297
2026-08-11,P027,Notebook A4,Stationery,13,262,284
2026-08-12,P027,Notebook A4,Stationery,8,262,276
2026-08-13,P027,Notebook A4,Stationery,6,262,270
2026-08-14,P027,Notebook A4,Stationery,9,262,261
2026-08-15,P027,Notebook A4,Stationery,12,262,249
2026-08-16,P027,Notebook A4,Stationery,12,262,237
2026-08-17,P027,Notebook A4,Stationery,9,262,228
2026-08-18,P027,Notebook A4,Stationery,9,262,219
2026-08-19,P027,Notebook A4,Stationery,8,262,211
2026-08-20,P027,Notebook A4,Stationery,3,262,208
2026-08-21,P027,Notebook A4,Stationery,10,262,198
2026-08-22,P027,Notebook A4,Stationery,11,262,187
2026-08-23,P027,Notebook A4,Stationery,11,262,176
2026-08-24,P027,Notebook A4,Stationery,13,262,163
2026-08-25,P027,Notebook A4,Stationery,13,262,150
2026-08-26,P027,Notebook A4,Stationery,10,262,140
2026-08-27,P027,Notebook A4,Stationery,11,262,129
2026-08-28,P027,Notebook A4,Stationery,8,262,121
2026-08-29,P027,Notebook A4,Stationery,13,262,108
2026-08-30,P027,Notebook A4,Stationery,18,262,90
2026-08-31,P027,Notebook A4,Stationery,7,262,83
2026-09-01,P027,Notebook A4,Stationery,11,262,72
2026-09-02,P027,Notebook A4,Stationery,10,262,62
2026-09-03,P027,Notebook A4,Stationery,9,262,339
2026-09-04,P027,Notebook A4,Stationery,11,262,328
2026-09-05,P027,Notebook A4,Stationery,16,262,312
2026-09-06,P027,Notebook A4,Stationery,10,262,302
2026-09-07,P027,Notebook A4,Stationery,7,262,295
2026-09-08,P027,Notebook A4,Stationery,7,262,288
2026-09-09,P027,Notebook A4,Stationery,10,262,278
2026-09-10,P027,Notebook A4,Stationery,7,262,271
2026-09-11,P027,Notebook A4,Stationery,15,262,256
2026-09-12,P027,Notebook A4,Stationery,12,262,244
2026-09-13,P027,Notebook A4,Stationery,12,262,232
2026-09-14,P027,Notebook A4,Stationery,8,262,224
2026-09-15,P027,Notebook A4,Stationery,8,262,216
2026-09-16,P027,Notebook A4,Stationery,15,262,201
2026-09-17,P027,Notebook A4,Stationery,10,262,191
2026-09-18,P027,Notebook A4,Stationery,26,262,165
2026-09-19,P027,Notebook A4,Stationery,32,262,133
2026-09-20,P027,Notebook A4,Stationery,40,262,93
2026-09-21,P027,Notebook A4,Stationery,30,262,63
2026-09-22,P027,Notebook A4,Stationery,20,262,329
2026-09-23,P027,Notebook A4,Stationery,16,262,313
2026-09-24,P027,Notebook A4,Stationery,22,262,291
2026-09-25,P027,Notebook A4,Stationery,21,262,270
2026-09-26,P027,Notebook A4,Stationery,19,262,251
2026-09-27,P027,Notebook A4,Stationery,23,262,228
2026-04-01,P028,Ball Pens 10pk,Stationery,20,308,367
2026-04-02,P028,Ball Pens 10pk,Stationery,16,308,351
2026-04-03,P028,Ball Pens 10pk,Stationery,15,308,336
2026-04-04,P028,Ball Pens 10pk,Stationery,19,308,317
2026-04-05,P028,Ball Pens 10pk,Stationery,17,308,300
2026-04-06,P028,Ball Pens 10pk,Stationery,10,308,290
2026-04-07,P028,Ball Pens 10pk,Stationery,10,308,280
2026-04-08,P028,Ball Pens 10pk,Stationery,11,308,269
2026-04-09,P028,Ball Pens 10pk,Stationery,15,308,254
2026-04-10,P028,Ball Pens 10pk,Stationery,16,308,238
2026-04-11,P028,Ball Pens 10pk,Stationery,17,308,221
2026-04-12,P028,Ball Pens 10pk,Stationery,20,308,201
2026-04-13,P028,Ball Pens 10pk,Stationery,18,308,183
2026-04-14,P028,Ball Pens 10pk,Stationery,22,308,161
2026-04-15,P028,Ball Pens 10pk,Stationery,9,308,152
2026-04-16,P028,Ball Pens 10pk,Stationery,23,308,129
2026-04-17,P028,Ball Pens 10pk,Stationery,19,308,110
2026-04-18,P028,Ball Pens 10pk,Stationery,20,308,554
2026-04-19,P028,Ball Pens 10pk,Stationery,12,308,542
2026-04-20,P028,Ball Pens 10pk,Stationery,14,308,528
2026-04-21,P028,Ball Pens 10pk,Stationery,18,308,510
2026-04-22,P028,Ball Pens 10pk,Stationery,15,308,495
2026-04-23,P028,Ball Pens 10pk,Stationery,14,308,481
2026-04-24,P028,Ball Pens 10pk,Stationery,18,308,463
2026-04-25,P028,Ball Pens 10pk,Stationery,15,308,448
2026-04-26,P028,Ball Pens 10pk,Stationery,22,308,426
2026-04-27,P028,Ball Pens 10pk,Stationery,14,308,412
2026-04-28,P028,Ball Pens 10pk,Stationery,17,308,395
2026-04-29,P028,Ball Pens 10pk,Stationery,16,308,379
2026-04-30,P028,Ball Pens 10pk,Stationery,18,308,361
2026-05-01,P028,Ball Pens 10pk,Stationery,14,308,347
2026-05-02,P028,Ball Pens 10pk,Stationery,20,308,327
2026-05-03,P028,Ball Pens 10pk,Stationery,18,308,309
2026-05-04,P028,Ball Pens 10pk,Stationery,14,308,295
2026-05-05,P028,Ball Pens 10pk,Stationery,15,308,280
2026-05-06,P028,Ball Pens 10pk,Stationery,17,308,263
2026-05-07,P028,Ball Pens 10pk,Stationery,22,308,241
2026-05-08,P028,Ball Pens 10pk,Stationery,12,308,229
2026-05-09,P028,Ball Pens 10pk,Stationery,12,308,217
2026-05-10,P028,Ball Pens 10pk,Stationery,27,308,190
2026-05-11,P028,Ball Pens 10pk,Stationery,19,308,171
2026-05-12,P028,Ball Pens 10pk,Stationery,7,308,164
2026-05-13,P028,Ball Pens 10pk,Stationery,14,308,150
2026-05-14,P028,Ball Pens 10pk,Stationery,16,308,134
2026-05-15,P028,Ball Pens 10pk,Stationery,19,308,115
2026-05-16,P028,Ball Pens 10pk,Stationery,23,308,556
2026-05-17,P028,Ball Pens 10pk,Stationery,19,308,537
2026-05-18,P028,Ball Pens 10pk,Stationery,21,308,516
2026-05-19,P028,Ball Pens 10pk,Stationery,12,308,504
2026-05-20,P028,Ball Pens 10pk,Stationery,19,308,485
2026-05-21,P028,Ball Pens 10pk,Stationery,12,308,473
2026-05-22,P028,Ball Pens 10pk,Stationery,11,308,462
2026-05-23,P028,Ball Pens 10pk,Stationery,14,308,448
2026-05-24,P028,Ball Pens 10pk,Stationery,21,308,427
2026-05-25,P028,Ball Pens 10pk,Stationery,19,308,408
2026-05-26,P028,Ball Pens 10pk,Stationery,18,308,390
2026-05-27,P028,Ball Pens 10pk,Stationery,15,308,375
2026-05-28,P028,Ball Pens 10pk,Stationery,12,308,363
2026-05-29,P028,Ball Pens 10pk,Stationery,17,308,346
2026-05-30,P028,Ball Pens 10pk,Stationery,13,308,333
2026-05-31,P028,Ball Pens 10pk,Stationery,20,308,313
2026-06-01,P028,Ball Pens 10pk,Stationery,8,308,305
2026-06-02,P028,Ball Pens 10pk,Stationery,12,308,293
2026-06-03,P028,Ball Pens 10pk,Stationery,12,308,281
2026-06-04,P028,Ball Pens 10pk,Stationery,11,308,270
2026-06-05,P028,Ball Pens 10pk,Stationery,19,308,251
2026-06-06,P028,Ball Pens 10pk,Stationery,18,308,233
2026-06-07,P028,Ball Pens 10pk,Stationery,19,308,214
2026-06-08,P028,Ball Pens 10pk,Stationery,14,308,200
2026-06-09,P028,Ball Pens 10pk,Stationery,20,308,180
2026-06-10,P028,Ball Pens 10pk,Stationery,11,308,169
2026-06-11,P028,Ball Pens 10pk,Stationery,15,308,154
2026-06-12,P028,Ball Pens 10pk,Stationery,14,308,140
2026-06-13,P028,Ball Pens 10pk,Stationery,19,308,121
2026-06-14,P028,Ball Pens 10pk,Stationery,20,308,101
2026-06-15,P028,Ball Pens 10pk,Stationery,14,308,551
2026-06-16,P028,Ball Pens 10pk,Stationery,8,308,543
2026-06-17,P028,Ball Pens 10pk,Stationery,19,308,524
2026-06-18,P028,Ball Pens 10pk,Stationery,18,308,506
2026-06-19,P028,Ball Pens 10pk,Stationery,7,308,499
2026-06-20,P028,Ball Pens 10pk,Stationery,24,308,475
2026-06-21,P028,Ball Pens 10pk,Stationery,21,308,454
2026-06-22,P028,Ball Pens 10pk,Stationery,11,308,443
2026-06-23,P028,Ball Pens 10pk,Stationery,11,308,432
2026-06-24,P028,Ball Pens 10pk,Stationery,9,308,423
2026-06-25,P028,Ball Pens 10pk,Stationery,13,308,410
2026-06-26,P028,Ball Pens 10pk,Stationery,18,308,392
2026-06-27,P028,Ball Pens 10pk,Stationery,25,308,367
2026-06-28,P028,Ball Pens 10pk,Stationery,17,308,350
2026-06-29,P028,Ball Pens 10pk,Stationery,25,308,325
2026-06-30,P028,Ball Pens 10pk,Stationery,18,308,307
2026-07-01,P028,Ball Pens 10pk,Stationery,13,308,294
2026-07-02,P028,Ball Pens 10pk,Stationery,13,308,281
2026-07-03,P028,Ball Pens 10pk,Stationery,19,308,262
2026-07-04,P028,Ball Pens 10pk,Stationery,22,308,240
2026-07-05,P028,Ball Pens 10pk,Stationery,20,308,220
2026-07-06,P028,Ball Pens 10pk,Stationery,18,308,202
2026-07-07,P028,Ball Pens 10pk,Stationery,10,308,192
2026-07-08,P028,Ball Pens 10pk,Stationery,18,308,174
2026-07-09,P028,Ball Pens 10pk,Stationery,15,308,159
2026-07-10,P028,Ball Pens 10pk,Stationery,20,308,139
2026-07-11,P028,Ball Pens 10pk,Stationery,18,308,121
2026-07-12,P028,Ball Pens 10pk,Stationery,21,308,100
2026-07-13,P028,Ball Pens 10pk,Stationery,14,308,550
2026-07-14,P028,Ball Pens 10pk,Stationery,12,308,538
2026-07-15,P028,Ball Pens 10pk,Stationery,13,308,525
2026-07-16,P028,Ball Pens 10pk,Stationery,14,308,511
2026-07-17,P028,Ball Pens 10pk,Stationery,13,308,498
2026-07-18,P028,Ball Pens 10pk,Stationery,17,308,481
2026-07-19,P028,Ball Pens 10pk,Stationery,17,308,464
2026-07-20,P028,Ball Pens 10pk,Stationery,19,308,445
2026-07-21,P028,Ball Pens 10pk,Stationery,17,308,428
2026-07-22,P028,Ball Pens 10pk,Stationery,13,308,415
2026-07-23,P028,Ball Pens 10pk,Stationery,18,308,397
2026-07-24,P028,Ball Pens 10pk,Stationery,14,308,383
2026-07-25,P028,Ball Pens 10pk,Stationery,16,308,367
2026-07-26,P028,Ball Pens 10pk,Stationery,17,308,350
2026-07-27,P028,Ball Pens 10pk,Stationery,13,308,337
2026-07-28,P028,Ball Pens 10pk,Stationery,20,308,317
2026-07-29,P028,Ball Pens 10pk,Stationery,15,308,302
2026-07-30,P028,Ball Pens 10pk,Stationery,11,308,291
2026-07-31,P028,Ball Pens 10pk,Stationery,20,308,271
2026-08-01,P028,Ball Pens 10pk,Stationery,19,308,252
2026-08-02,P028,Ball Pens 10pk,Stationery,18,308,234
2026-08-03,P028,Ball Pens 10pk,Stationery,16,308,218
2026-08-04,P028,Ball Pens 10pk,Stationery,15,308,203
2026-08-05,P028,Ball Pens 10pk,Stationery,13,308,190
2026-08-06,P028,Ball Pens 10pk,Stationery,11,308,179
2026-08-07,P028,Ball Pens 10pk,Stationery,12,308,167
2026-08-08,P028,Ball Pens 10pk,Stationery,27,308,140
2026-08-09,P028,Ball Pens 10pk,Stationery,14,308,126
2026-08-10,P028,Ball Pens 10pk,Stationery,24,308,102
2026-08-11,P028,Ball Pens 10pk,Stationery,19,308,547
2026-08-12,P028,Ball Pens 10pk,Stationery,21,308,526
2026-08-13,P028,Ball Pens 10pk,Stationery,23,308,503
2026-08-14,P028,Ball Pens 10pk,Stationery,18,308,485
2026-08-15,P028,Ball Pens 10pk,Stationery,17,308,468
2026-08-16,P028,Ball Pens 10pk,Stationery,13,308,455
2026-08-17,P028,Ball Pens 10pk,Stationery,14,308,441
2026-08-18,P028,Ball Pens 10pk,Stationery,21,308,420
2026-08-19,P028,Ball Pens 10pk,Stationery,19,308,401
2026-08-20,P028,Ball Pens 10pk,Stationery,15,308,386
2026-08-21,P028,Ball Pens 10pk,Stationery,12,308,374
2026-08-22,P028,Ball Pens 10pk,Stationery,20,308,354
2026-08-23,P028,Ball Pens 10pk,Stationery,19,308,335
2026-08-24,P028,Ball Pens 10pk,Stationery,19,308,316
2026-08-25,P028,Ball Pens 10pk,Stationery,16,308,300
2026-08-26,P028,Ball Pens 10pk,Stationery,20,308,280
2026-08-27,P028,Ball Pens 10pk,Stationery,20,308,260
2026-08-28,P028,Ball Pens 10pk,Stationery,16,308,244
2026-08-29,P028,Ball Pens 10pk,Stationery,21,308,223
2026-08-30,P028,Ball Pens 10pk,Stationery,14,308,209
2026-08-31,P028,Ball Pens 10pk,Stationery,6,308,203
2026-09-01,P028,Ball Pens 10pk,Stationery,12,308,191
2026-09-02,P028,Ball Pens 10pk,Stationery,14,308,177
2026-09-03,P028,Ball Pens 10pk,Stationery,19,308,158
2026-09-04,P028,Ball Pens 10pk,Stationery,9,308,149
2026-09-05,P028,Ball Pens 10pk,Stationery,18,308,131
2026-09-06,P028,Ball Pens 10pk,Stationery,18,308,113
2026-09-07,P028,Ball Pens 10pk,Stationery,12,308,101
2026-09-08,P028,Ball Pens 10pk,Stationery,11,308,554
2026-09-09,P028,Ball Pens 10pk,Stationery,16,308,538
2026-09-10,P028,Ball Pens 10pk,Stationery,10,308,528
2026-09-11,P028,Ball Pens 10pk,Stationery,12,308,516
2026-09-12,P028,Ball Pens 10pk,Stationery,25,308,491
2026-09-13,P028,Ball Pens 10pk,Stationery,17,308,474
2026-09-14,P028,Ball Pens 10pk,Stationery,10,308,464
2026-09-15,P028,Ball Pens 10pk,Stationery,15,308,449
2026-09-16,P028,Ball Pens 10pk,Stationery,14,308,435
2026-09-17,P028,Ball Pens 10pk,Stationery,11,308,424
2026-09-18,P028,Ball Pens 10pk,Stationery,18,308,406
2026-09-19,P028,Ball Pens 10pk,Stationery,16,308,390
2026-09-20,P028,Ball Pens 10pk,Stationery,24,308,366
2026-09-21,P028,Ball Pens 10pk,Stationery,18,308,348
2026-09-22,P028,Ball Pens 10pk,Stationery,18,308,330
2026-09-23,P028,Ball Pens 10pk,Stationery,8,308,322
2026-09-24,P028,Ball Pens 10pk,Stationery,18,308,304
2026-09-25,P028,Ball Pens 10pk,Stationery,11,308,293
2026-09-26,P028,Ball Pens 10pk,Stationery,24,308,269
2026-09-27,P028,Ball Pens 10pk,Stationery,21,308,248
2026-04-01,P029,Geometry Box,Stationery,11,290,181
2026-04-02,P029,Geometry Box,Stationery,8,290,173
2026-04-03,P029,Geometry Box,Stationery,6,290,167
2026-04-04,P029,Geometry Box,Stationery,8,290,159
2026-04-05,P029,Geometry Box,Stationery,9,290,150
2026-04-06,P029,Geometry Box,Stationery,11,290,139
2026-04-07,P029,Geometry Box,Stationery,4,290,135
2026-04-08,P029,Geometry Box,Stationery,5,290,130
2026-04-09,P029,Geometry Box,Stationery,7,290,123
2026-04-10,P029,Geometry Box,Stationery,7,290,116
2026-04-11,P029,Geometry Box,Stationery,8,290,108
2026-04-12,P029,Geometry Box,Stationery,11,290,97
2026-04-13,P029,Geometry Box,Stationery,10,290,87
2026-04-14,P029,Geometry Box,Stationery,5,290,82
2026-04-15,P029,Geometry Box,Stationery,9,290,73
2026-04-16,P029,Geometry Box,Stationery,4,290,69
2026-04-17,P029,Geometry Box,Stationery,5,290,64
2026-04-18,P029,Geometry Box,Stationery,11,290,53
2026-04-19,P029,Geometry Box,Stationery,2,290,51
2026-04-20,P029,Geometry Box,Stationery,11,290,270
2026-04-21,P029,Geometry Box,Stationery,7,290,263
2026-04-22,P029,Geometry Box,Stationery,12,290,251
2026-04-23,P029,Geometry Box,Stationery,7,290,244
2026-04-24,P029,Geometry Box,Stationery,6,290,238
2026-04-25,P029,Geometry Box,Stationery,3,290,235
2026-04-26,P029,Geometry Box,Stationery,10,290,225
2026-04-27,P029,Geometry Box,Stationery,3,290,222
2026-04-28,P029,Geometry Box,Stationery,7,290,215
2026-04-29,P029,Geometry Box,Stationery,12,290,203
2026-04-30,P029,Geometry Box,Stationery,14,290,189
2026-05-01,P029,Geometry Box,Stationery,5,290,184
2026-05-02,P029,Geometry Box,Stationery,8,290,176
2026-05-03,P029,Geometry Box,Stationery,8,290,168
2026-05-04,P029,Geometry Box,Stationery,5,290,163
2026-05-05,P029,Geometry Box,Stationery,12,290,151
2026-05-06,P029,Geometry Box,Stationery,6,290,145
2026-05-07,P029,Geometry Box,Stationery,8,290,137
2026-05-08,P029,Geometry Box,Stationery,5,290,132
2026-05-09,P029,Geometry Box,Stationery,14,290,118
2026-05-10,P029,Geometry Box,Stationery,9,290,109
2026-05-11,P029,Geometry Box,Stationery,7,290,102
2026-05-12,P029,Geometry Box,Stationery,8,290,94
2026-05-13,P029,Geometry Box,Stationery,5,290,89
2026-05-14,P029,Geometry Box,Stationery,7,290,82
2026-05-15,P029,Geometry Box,Stationery,6,290,76
2026-05-16,P029,Geometry Box,Stationery,12,290,64
2026-05-17,P029,Geometry Box,Stationery,9,290,55
2026-05-18,P029,Geometry Box,Stationery,3,290,52
2026-05-19,P029,Geometry Box,Stationery,5,290,47
2026-05-20,P029,Geometry Box,Stationery,7,290,270
2026-05-21,P029,Geometry Box,Stationery,3,290,267
2026-05-22,P029,Geometry Box,Stationery,7,290,260
2026-05-23,P029,Geometry Box,Stationery,10,290,250
2026-05-24,P029,Geometry Box,Stationery,9,290,241
2026-05-25,P029,Geometry Box,Stationery,6,290,235
2026-05-26,P029,Geometry Box,Stationery,4,290,231
2026-05-27,P029,Geometry Box,Stationery,4,290,227
2026-05-28,P029,Geometry Box,Stationery,7,290,220
2026-05-29,P029,Geometry Box,Stationery,2,290,218
2026-05-30,P029,Geometry Box,Stationery,7,290,211
2026-05-31,P029,Geometry Box,Stationery,9,290,202
2026-06-01,P029,Geometry Box,Stationery,12,290,190
2026-06-02,P029,Geometry Box,Stationery,8,290,182
2026-06-03,P029,Geometry Box,Stationery,8,290,174
2026-06-04,P029,Geometry Box,Stationery,6,290,168
2026-06-05,P029,Geometry Box,Stationery,12,290,156
2026-06-06,P029,Geometry Box,Stationery,15,290,141
2026-06-07,P029,Geometry Box,Stationery,9,290,132
2026-06-08,P029,Geometry Box,Stationery,4,290,128
2026-06-09,P029,Geometry Box,Stationery,8,290,120
2026-06-10,P029,Geometry Box,Stationery,11,290,109
2026-06-11,P029,Geometry Box,Stationery,8,290,101
2026-06-12,P029,Geometry Box,Stationery,14,290,87
2026-06-13,P029,Geometry Box,Stationery,9,290,78
2026-06-14,P029,Geometry Box,Stationery,12,290,66
2026-06-15,P029,Geometry Box,Stationery,8,290,58
2026-06-16,P029,Geometry Box,Stationery,8,290,50
2026-06-17,P029,Geometry Box,Stationery,8,290,272
2026-06-18,P029,Geometry Box,Stationery,7,290,265
2026-06-19,P029,Geometry Box,Stationery,3,290,262
2026-06-20,P029,Geometry Box,Stationery,9,290,253
2026-06-21,P029,Geometry Box,Stationery,6,290,247
2026-06-22,P029,Geometry Box,Stationery,9,290,238
2026-06-23,P029,Geometry Box,Stationery,8,290,230
2026-06-24,P029,Geometry Box,Stationery,12,290,218
2026-06-25,P029,Geometry Box,Stationery,4,290,214
2026-06-26,P029,Geometry Box,Stationery,5,290,209
2026-06-27,P029,Geometry Box,Stationery,8,290,201
2026-06-28,P029,Geometry Box,Stationery,6,290,195
2026-06-29,P029,Geometry Box,Stationery,10,290,185
2026-06-30,P029,Geometry Box,Stationery,6,290,179
2026-07-01,P029,Geometry Box,Stationery,9,290,170
2026-07-02,P029,Geometry Box,Stationery,6,290,164
2026-07-03,P029,Geometry Box,Stationery,6,290,158
2026-07-04,P029,Geometry Box,Stationery,11,290,147
2026-07-05,P029,Geometry Box,Stationery,10,290,137
2026-07-06,P029,Geometry Box,Stationery,5,290,132
2026-07-07,P029,Geometry Box,Stationery,10,290,122
2026-07-08,P029,Geometry Box,Stationery,4,290,118
2026-07-09,P029,Geometry Box,Stationery,9,290,109
2026-07-10,P029,Geometry Box,Stationery,10,290,99
2026-07-11,P029,Geometry Box,Stationery,11,290,88
2026-07-12,P029,Geometry Box,Stationery,11,290,77
2026-07-13,P029,Geometry Box,Stationery,8,290,69
2026-07-14,P029,Geometry Box,Stationery,9,290,60
2026-07-15,P029,Geometry Box,Stationery,7,290,53
2026-07-16,P029,Geometry Box,Stationery,8,290,275
2026-07-17,P029,Geometry Box,Stationery,3,290,272
2026-07-18,P029,Geometry Box,Stationery,14,290,258
2026-07-19,P029,Geometry Box,Stationery,9,290,249
2026-07-20,P029,Geometry Box,Stationery,10,290,239
2026-07-21,P029,Geometry Box,Stationery,10,290,229
2026-07-22,P029,Geometry Box,Stationery,10,290,219
2026-07-23,P029,Geometry Box,Stationery,6,290,213
2026-07-24,P029,Geometry Box,Stationery,5,290,208
2026-07-25,P029,Geometry Box,Stationery,8,290,200
2026-07-26,P029,Geometry Box,Stationery,5,290,195
2026-07-27,P029,Geometry Box,Stationery,5,290,190
2026-07-28,P029,Geometry Box,Stationery,6,290,184
2026-07-29,P029,Geometry Box,Stationery,6,290,178
2026-07-30,P029,Geometry Box,Stationery,14,290,164
2026-07-31,P029,Geometry Box,Stationery,7,290,157
2026-08-01,P029,Geometry Box,Stationery,7,290,150
2026-08-02,P029,Geometry Box,Stationery,18,290,132
2026-08-03,P029,Geometry Box,Stationery,4,290,128
2026-08-04,P029,Geometry Box,Stationery,12,290,116
2026-08-05,P029,Geometry Box,Stationery,9,290,107
2026-08-06,P029,Geometry Box,Stationery,7,290,100
2026-08-07,P029,Geometry Box,Stationery,12,290,88
2026-08-08,P029,Geometry Box,Stationery,17,290,71
2026-08-09,P029,Geometry Box,Stationery,13,290,58
2026-08-10,P029,Geometry Box,Stationery,7,290,51
2026-08-11,P029,Geometry Box,Stationery,6,290,275
2026-08-12,P029,Geometry Box,Stationery,8,290,267
2026-08-13,P029,Geometry Box,Stationery,6,290,261
2026-08-14,P029,Geometry Box,Stationery,6,290,255
2026-08-15,P029,Geometry Box,Stationery,7,290,248
2026-08-16,P029,Geometry Box,Stationery,12,290,236
2026-08-17,P029,Geometry Box,Stationery,7,290,229
2026-08-18,P029,Geometry Box,Stationery,7,290,222
2026-08-19,P029,Geometry Box,Stationery,6,290,216
2026-08-20,P029,Geometry Box,Stationery,5,290,211
2026-08-21,P029,Geometry Box,Stationery,9,290,202
2026-08-22,P029,Geometry Box,Stationery,15,290,187
2026-08-23,P029,Geometry Box,Stationery,8,290,179
2026-08-24,P029,Geometry Box,Stationery,9,290,170
2026-08-25,P029,Geometry Box,Stationery,9,290,161
2026-08-26,P029,Geometry Box,Stationery,7,290,154
2026-08-27,P029,Geometry Box,Stationery,7,290,147
2026-08-28,P029,Geometry Box,Stationery,6,290,141
2026-08-29,P029,Geometry Box,Stationery,12,290,129
2026-08-30,P029,Geometry Box,Stationery,10,290,119
2026-08-31,P029,Geometry Box,Stationery,5,290,114
2026-09-01,P029,Geometry Box,Stationery,7,290,107
2026-09-02,P029,Geometry Box,Stationery,4,290,103
2026-09-03,P029,Geometry Box,Stationery,6,290,97
2026-09-04,P029,Geometry Box,Stationery,5,290,92
2026-09-05,P029,Geometry Box,Stationery,7,290,85
2026-09-06,P029,Geometry Box,Stationery,8,290,77
2026-09-07,P029,Geometry Box,Stationery,13,290,64
2026-09-08,P029,Geometry Box,Stationery,5,290,59
2026-09-09,P029,Geometry Box,Stationery,4,290,55
2026-09-10,P029,Geometry Box,Stationery,6,290,49
2026-09-11,P029,Geometry Box,Stationery,6,290,273
2026-09-12,P029,Geometry Box,Stationery,9,290,264
2026-09-13,P029,Geometry Box,Stationery,5,290,259
2026-09-14,P029,Geometry Box,Stationery,10,290,249
2026-09-15,P029,Geometry Box,Stationery,10,290,239
2026-09-16,P029,Geometry Box,Stationery,8,290,231
2026-09-17,P029,Geometry Box,Stationery,8,290,223
2026-09-18,P029,Geometry Box,Stationery,11,290,212
2026-09-19,P029,Geometry Box,Stationery,7,290,205
2026-09-20,P029,Geometry Box,Stationery,8,290,197
2026-09-21,P029,Geometry Box,Stationery,5,290,192
2026-09-22,P029,Geometry Box,Stationery,7,290,185
2026-09-23,P029,Geometry Box,Stationery,1,290,184
2026-09-24,P029,Geometry Box,Stationery,4,290,180
2026-09-25,P029,Geometry Box,Stationery,4,290,176
2026-09-26,P029,Geometry Box,Stationery,11,290,165
2026-09-27,P029,Geometry Box,Stationery,6,290,159
2026-04-01,P030,Glue Stick,Stationery,20,321,367
2026-04-02,P030,Glue Stick,Stationery,19,321,348
2026-04-03,P030,Glue Stick,Stationery,17,321,331
2026-04-04,P030,Glue Stick,Stationery,17,321,314
2026-04-05,P030,Glue Stick,Stationery,18,321,296
2026-04-06,P030,Glue Stick,Stationery,16,321,280
2026-04-07,P030,Glue Stick,Stationery,18,321,262
2026-04-08,P030,Glue Stick,Stationery,13,321,249
2026-04-09,P030,Glue Stick,Stationery,13,321,236
2026-04-10,P030,Glue Stick,Stationery,14,321,222
2026-04-11,P030,Glue Stick,Stationery,27,321,195
2026-04-12,P030,Glue Stick,Stationery,14,321,181
2026-04-13,P030,Glue Stick,Stationery,19,321,162
2026-04-14,P030,Glue Stick,Stationery,16,321,146
2026-04-15,P030,Glue Stick,Stationery,15,321,131
2026-04-16,P030,Glue Stick,Stationery,19,321,112
2026-04-17,P030,Glue Stick,Stationery,18,321,94
2026-04-18,P030,Glue Stick,Stationery,20,321,538
2026-04-19,P030,Glue Stick,Stationery,19,321,519
2026-04-20,P030,Glue Stick,Stationery,15,321,504
2026-04-21,P030,Glue Stick,Stationery,20,321,484
2026-04-22,P030,Glue Stick,Stationery,17,321,467
2026-04-23,P030,Glue Stick,Stationery,11,321,456
2026-04-24,P030,Glue Stick,Stationery,11,321,445
2026-04-25,P030,Glue Stick,Stationery,21,321,424
2026-04-26,P030,Glue Stick,Stationery,13,321,411
2026-04-27,P030,Glue Stick,Stationery,15,321,396
2026-04-28,P030,Glue Stick,Stationery,13,321,383
2026-04-29,P030,Glue Stick,Stationery,16,321,367
2026-04-30,P030,Glue Stick,Stationery,19,321,348
2026-05-01,P030,Glue Stick,Stationery,11,321,337
2026-05-02,P030,Glue Stick,Stationery,19,321,318
2026-05-03,P030,Glue Stick,Stationery,22,321,296
2026-05-04,P030,Glue Stick,Stationery,20,321,276
2026-05-05,P030,Glue Stick,Stationery,13,321,263
2026-05-06,P030,Glue Stick,Stationery,14,321,249
2026-05-07,P030,Glue Stick,Stationery,14,321,235
2026-05-08,P030,Glue Stick,Stationery,17,321,218
2026-05-09,P030,Glue Stick,Stationery,28,321,190
2026-05-10,P030,Glue Stick,Stationery,24,321,166
2026-05-11,P030,Glue Stick,Stationery,11,321,155
2026-05-12,P030,Glue Stick,Stationery,11,321,144
2026-05-13,P030,Glue Stick,Stationery,16,321,128
2026-05-14,P030,Glue Stick,Stationery,11,321,117
2026-05-15,P030,Glue Stick,Stationery,13,321,104
2026-05-16,P030,Glue Stick,Stationery,20,321,548
2026-05-17,P030,Glue Stick,Stationery,21,321,527
2026-05-18,P030,Glue Stick,Stationery,16,321,511
2026-05-19,P030,Glue Stick,Stationery,19,321,492
2026-05-20,P030,Glue Stick,Stationery,19,321,473
2026-05-21,P030,Glue Stick,Stationery,28,321,445
2026-05-22,P030,Glue Stick,Stationery,13,321,432
2026-05-23,P030,Glue Stick,Stationery,15,321,417
2026-05-24,P030,Glue Stick,Stationery,23,321,394
2026-05-25,P030,Glue Stick,Stationery,14,321,380
2026-05-26,P030,Glue Stick,Stationery,20,321,360
2026-05-27,P030,Glue Stick,Stationery,15,321,345
2026-05-28,P030,Glue Stick,Stationery,12,321,333
2026-05-29,P030,Glue Stick,Stationery,15,321,318
2026-05-30,P030,Glue Stick,Stationery,17,321,301
2026-05-31,P030,Glue Stick,Stationery,22,321,279
2026-06-01,P030,Glue Stick,Stationery,13,321,266
2026-06-02,P030,Glue Stick,Stationery,16,321,250
2026-06-03,P030,Glue Stick,Stationery,12,321,238
2026-06-04,P030,Glue Stick,Stationery,10,321,228
2026-06-05,P030,Glue Stick,Stationery,15,321,213
2026-06-06,P030,Glue Stick,Stationery,23,321,190
2026-06-07,P030,Glue Stick,Stationery,27,321,163
2026-06-08,P030,Glue Stick,Stationery,16,321,147
2026-06-09,P030,Glue Stick,Stationery,16,321,131
2026-06-10,P030,Glue Stick,Stationery,19,321,112
2026-06-11,P030,Glue Stick,Stationery,14,321,98
2026-06-12,P030,Glue Stick,Stationery,16,321,546
2026-06-13,P030,Glue Stick,Stationery,18,321,528
2026-06-14,P030,Glue Stick,Stationery,16,321,512
2026-06-15,P030,Glue Stick,Stationery,10,321,502
2026-06-16,P030,Glue Stick,Stationery,13,321,489
2026-06-17,P030,Glue Stick,Stationery,10,321,479
2026-06-18,P030,Glue Stick,Stationery,8,321,471
2026-06-19,P030,Glue Stick,Stationery,15,321,456
2026-06-20,P030,Glue Stick,Stationery,21,321,435
2026-06-21,P030,Glue Stick,Stationery,16,321,419
2026-06-22,P030,Glue Stick,Stationery,14,321,405
2026-06-23,P030,Glue Stick,Stationery,16,321,389
2026-06-24,P030,Glue Stick,Stationery,14,321,375
2026-06-25,P030,Glue Stick,Stationery,12,321,363
2026-06-26,P030,Glue Stick,Stationery,13,321,350
2026-06-27,P030,Glue Stick,Stationery,24,321,326
2026-06-28,P030,Glue Stick,Stationery,14,321,312
2026-06-29,P030,Glue Stick,Stationery,16,321,296
2026-06-30,P030,Glue Stick,Stationery,19,321,277
2026-07-01,P030,Glue Stick,Stationery,10,321,267
2026-07-02,P030,Glue Stick,Stationery,20,321,247
2026-07-03,P030,Glue Stick,Stationery,17,321,230
2026-07-04,P030,Glue Stick,Stationery,14,321,216
2026-07-05,P030,Glue Stick,Stationery,19,321,197
2026-07-06,P030,Glue Stick,Stationery,13,321,184
2026-07-07,P030,Glue Stick,Stationery,17,321,167
2026-07-08,P030,Glue Stick,Stationery,11,321,156
2026-07-09,P030,Glue Stick,Stationery,15,321,141
2026-07-10,P030,Glue Stick,Stationery,12,321,529
2026-07-11,P030,Glue Stick,Stationery,19,321,510
2026-07-12,P030,Glue Stick,Stationery,20,321,490
2026-07-13,P030,Glue Stick,Stationery,19,321,471
2026-07-14,P030,Glue Stick,Stationery,9,321,462
2026-07-15,P030,Glue Stick,Stationery,17,321,445
2026-07-16,P030,Glue Stick,Stationery,14,321,431
2026-07-17,P030,Glue Stick,Stationery,22,321,409
2026-07-18,P030,Glue Stick,Stationery,18,321,391
2026-07-19,P030,Glue Stick,Stationery,14,321,377
2026-07-20,P030,Glue Stick,Stationery,13,321,364
2026-07-21,P030,Glue Stick,Stationery,10,321,354
2026-07-22,P030,Glue Stick,Stationery,23,321,331
2026-07-23,P030,Glue Stick,Stationery,18,321,313
2026-07-24,P030,Glue Stick,Stationery,13,321,300
2026-07-25,P030,Glue Stick,Stationery,18,321,282
2026-07-26,P030,Glue Stick,Stationery,23,321,259
2026-07-27,P030,Glue Stick,Stationery,23,321,236
2026-07-28,P030,Glue Stick,Stationery,9,321,227
2026-07-29,P030,Glue Stick,Stationery,16,321,211
2026-07-30,P030,Glue Stick,Stationery,1,321,210
2026-07-31,P030,Glue Stick,Stationery,3,321,207
2026-08-01,P030,Glue Stick,Stationery,2,321,205
2026-08-02,P030,Glue Stick,Stationery,0,321,205
2026-08-03,P030,Glue Stick,Stationery,0,321,205
2026-08-04,P030,Glue Stick,Stationery,0,321,205
2026-08-05,P030,Glue Stick,Stationery,2,321,203
2026-08-06,P030,Glue Stick,Stationery,1,321,202
2026-08-07,P030,Glue Stick,Stationery,0,321,202
2026-08-08,P030,Glue Stick,Stationery,5,321,197
2026-08-09,P030,Glue Stick,Stationery,1,321,196
2026-08-10,P030,Glue Stick,Stationery,0,321,196
2026-08-11,P030,Glue Stick,Stationery,1,321,195
2026-08-12,P030,Glue Stick,Stationery,0,321,195
2026-08-13,P030,Glue Stick,Stationery,0,321,195
2026-08-14,P030,Glue Stick,Stationery,1,321,194
2026-08-15,P030,Glue Stick,Stationery,3,321,191
2026-08-16,P030,Glue Stick,Stationery,2,321,189
2026-08-17,P030,Glue Stick,Stationery,1,321,188
2026-08-18,P030,Glue Stick,Stationery,4,321,184
2026-08-19,P030,Glue Stick,Stationery,2,321,182
2026-08-20,P030,Glue Stick,Stationery,3,321,179
2026-08-21,P030,Glue Stick,Stationery,0,321,179
2026-08-22,P030,Glue Stick,Stationery,0,321,179
2026-08-23,P030,Glue Stick,Stationery,0,321,179
2026-08-24,P030,Glue Stick,Stationery,1,321,178
2026-08-25,P030,Glue Stick,Stationery,0,321,178
2026-08-26,P030,Glue Stick,Stationery,3,321,175
2026-08-27,P030,Glue Stick,Stationery,0,321,175
2026-08-28,P030,Glue Stick,Stationery,1,321,174
2026-08-29,P030,Glue Stick,Stationery,2,321,172
2026-08-30,P030,Glue Stick,Stationery,2,321,170
2026-08-31,P030,Glue Stick,Stationery,2,321,168
2026-09-01,P030,Glue Stick,Stationery,1,321,167
2026-09-02,P030,Glue Stick,Stationery,3,321,164
2026-09-03,P030,Glue Stick,Stationery,2,321,162
2026-09-04,P030,Glue Stick,Stationery,0,321,162
2026-09-05,P030,Glue Stick,Stationery,0,321,162
2026-09-06,P030,Glue Stick,Stationery,0,321,162
2026-09-07,P030,Glue Stick,Stationery,1,321,161
2026-09-08,P030,Glue Stick,Stationery,2,321,159
2026-09-09,P030,Glue Stick,Stationery,2,321,157
2026-09-10,P030,Glue Stick,Stationery,0,321,157
2026-09-11,P030,Glue Stick,Stationery,2,321,155
2026-09-12,P030,Glue Stick,Stationery,4,321,151
2026-09-13,P030,Glue Stick,Stationery,0,321,151
2026-09-14,P030,Glue Stick,Stationery,1,321,150
2026-09-15,P030,Glue Stick,Stationery,1,321,149
2026-09-16,P030,Glue Stick,Stationery,1,321,148
2026-09-17,P030,Glue Stick,Stationery,1,321,147
2026-09-18,P030,Glue Stick,Stationery,2,321,145
2026-09-19,P030,Glue Stick,Stationery,1,321,144
2026-09-20,P030,Glue Stick,Stationery,4,321,140
2026-09-21,P030,Glue Stick,Stationery,5,321,135
2026-09-22,P030,Glue Stick,Stationery,1,321,134
2026-09-23,P030,Glue Stick,Stationery,1,321,133
2026-09-24,P030,Glue Stick,Stationery,2,321,131
2026-09-25,P030,Glue Stick,Stationery,0,321,131
2026-09-26,P030,Glue Stick,Stationery,0,321,131
2026-09-27,P030,Glue Stick,Stationery,1,321,130
